source_path,size_bytes,sha256,disposition,canonical_destination,notes
Part2/DKG python/bip-frost-dkg-master/.github/workflows/main.yml,695,da0e6bfc562ba2bbbe6f9a04c2409ed7e93a53d6833cdc4df18643fcc6d3aca0,reference-only/source-bundle,.local-reference-library/source-batches/Part2.zip,Third-party ChillDKG/reference-implementation material retained for provenance; not copied into active experiments because upstream labels it reference/test code and unsuitable for production.
Part2/DKG python/bip-frost-dkg-master/.gitignore,109,ed7b84e816359d17276a801802de5c362c2c572ce3e50a8670c8362b08351380,reference-only/source-bundle,.local-reference-library/source-batches/Part2.zip,Third-party ChillDKG/reference-implementation material retained for provenance; not copied into active experiments because upstream labels it reference/test code and unsuitable for production.
Part2/DKG python/bip-frost-dkg-master/all.sh,93,c50db0fbf22256a74b55f0f0a250c846b8ebe41f61b49d09927b6f877adf9198,reference-only/source-bundle,.local-reference-library/source-batches/Part2.zip,Third-party ChillDKG/reference-implementation material retained for provenance; not copied into active experiments because upstream labels it reference/test code and unsuitable for production.
Part2/DKG python/bip-frost-dkg-master/images/chilldkg-sequence.png,21987,cfd9c37cacfdb93efb2137b838c406e04d45dda8b33feee569e46f796b0d810d,reference-only/source-bundle,.local-reference-library/source-batches/Part2.zip,Third-party ChillDKG/reference-implementation material retained for provenance; not copied into active experiments because upstream labels it reference/test code and unsuitable for production.
Part2/DKG python/bip-frost-dkg-master/images/chilldkg-sequence.txt,617,0ca9adbd8b7343beaea505f0f0e5962343012ab6e5a6866308c5552114a567c3,reference-only/source-bundle,.local-reference-library/source-batches/Part2.zip,Third-party ChillDKG/reference-implementation material retained for provenance; not copied into active experiments because upstream labels it reference/test code and unsuitable for production.
Part2/DKG python/bip-frost-dkg-master/images/Makefile,142,fbd6d7a8d6db280b2d0661da41f1368ccb22768a1dc855ed2821d9c201f548a6,reference-only/source-bundle,.local-reference-library/source-batches/Part2.zip,Third-party ChillDKG/reference-implementation material retained for provenance; not copied into active experiments because upstream labels it reference/test code and unsuitable for production.
Part2/DKG python/bip-frost-dkg-master/python/.ruff.toml,66,e565da05d8f3b714513a534d4c9c6c9437c12222a01b923069ca90eb84ff7fa7,reference-only/source-bundle,.local-reference-library/source-batches/Part2.zip,Third-party ChillDKG/reference-implementation material retained for provenance; not copied into active experiments because upstream labels it reference/test code and unsuitable for production.
Part2/DKG python/bip-frost-dkg-master/python/chilldkg_ref/chilldkg.py,32451,306fd4c156190af276ef55a09ba4ae4ee99c269b77a34afc3502fa091e392961,reference-only/source-bundle,.local-reference-library/source-batches/Part2.zip,Third-party ChillDKG/reference-implementation material retained for provenance; not copied into active experiments because upstream labels it reference/test code and unsuitable for production.
Part2/DKG python/bip-frost-dkg-master/python/chilldkg_ref/encpedpop.py,10629,ab34c53e40fa981c00ecbb24ae2f768ba59384b9d54e1a87d50f6dd4df19653d,reference-only/source-bundle,.local-reference-library/source-batches/Part2.zip,Third-party ChillDKG/reference-implementation material retained for provenance; not copied into active experiments because upstream labels it reference/test code and unsuitable for production.
Part2/DKG python/bip-frost-dkg-master/python/chilldkg_ref/simplpedpop.py,10564,70cff0edb4c1d9ac3c6ec8fd1be95fb1fe3f401f57b0d7a4c3d7be3eaf3e5416,reference-only/source-bundle,.local-reference-library/source-batches/Part2.zip,Third-party ChillDKG/reference-implementation material retained for provenance; not copied into active experiments because upstream labels it reference/test code and unsuitable for production.
Part2/DKG python/bip-frost-dkg-master/python/chilldkg_ref/util.py,4075,dffc53e76aab46482993115fbe916d6a8976d74be2ae6d9626c5c5a2af765a9b,reference-only/source-bundle,.local-reference-library/source-batches/Part2.zip,Third-party ChillDKG/reference-implementation material retained for provenance; not copied into active experiments because upstream labels it reference/test code and unsuitable for production.
Part2/DKG python/bip-frost-dkg-master/python/chilldkg_ref/vss.py,5079,85459b1babb4779b38b6dfee3fbae3678f18511b2445b940cc935a01f386032f,reference-only/source-bundle,.local-reference-library/source-batches/Part2.zip,Third-party ChillDKG/reference-implementation material retained for provenance; not copied into active experiments because upstream labels it reference/test code and unsuitable for production.
Part2/DKG python/bip-frost-dkg-master/python/chilldkg_ref/__init__.py,177,f27050ee50eca9eba95b6b9d51f6f26ce97cff9124c078c2c80cf959ea1c02a2,reference-only/source-bundle,.local-reference-library/source-batches/Part2.zip,Third-party ChillDKG/reference-implementation material retained for provenance; not copied into active experiments because upstream labels it reference/test code and unsuitable for production.
Part2/DKG python/bip-frost-dkg-master/python/chilldkg_ref/__pycache__/chilldkg.cpython-39.pyc,31283,60137d07493a3f6a62d21d600f184f2af1bb9e2d467aacb7fe02989e57e4ea6d,discarded generated artifact,,Generated cache/checkpoint; no canonical value.
Part2/DKG python/bip-frost-dkg-master/python/chilldkg_ref/__pycache__/encpedpop.cpython-39.pyc,8351,591d0ba80490b25f66cb95bf0535e5baf8639816b6826fe98c7fc8e04b29c561,discarded generated artifact,,Generated cache/checkpoint; no canonical value.
Part2/DKG python/bip-frost-dkg-master/python/chilldkg_ref/__pycache__/simplpedpop.cpython-39.pyc,8498,b924cda49d924d3e8659fc22e4a02dfdd505fc7ae2c091bd94f7e119c088de9b,discarded generated artifact,,Generated cache/checkpoint; no canonical value.
Part2/DKG python/bip-frost-dkg-master/python/chilldkg_ref/__pycache__/util.cpython-39.pyc,5163,a935e384d4d1ab125d80b144cd555e8167b6ceb529ebcbb11c928383a2748d6c,discarded generated artifact,,Generated cache/checkpoint; no canonical value.
Part2/DKG python/bip-frost-dkg-master/python/chilldkg_ref/__pycache__/vss.cpython-39.pyc,5987,617421d8302f16a207b21a612994c706783d1d86528797764bfbf770c5084e36,discarded generated artifact,,Generated cache/checkpoint; no canonical value.
Part2/DKG python/bip-frost-dkg-master/python/chilldkg_ref/__pycache__/__init__.cpython-39.pyc,343,6f1558015c35ef676fbe9fa90acf29071a4a667f2218ec9601869087e6df8f27,discarded generated artifact,,Generated cache/checkpoint; no canonical value.
Part2/DKG python/bip-frost-dkg-master/python/example.py,9084,e2bc6aeda5b7db3a37e8314c2cc1090d921a839154350ce291bbd0d7b6af48df,reference-only/source-bundle,.local-reference-library/source-batches/Part2.zip,Third-party ChillDKG/reference-implementation material retained for provenance; not copied into active experiments because upstream labels it reference/test code and unsuitable for production.
Part2/DKG python/bip-frost-dkg-master/python/mypy.ini,179,2c7712dd28b058c91744d3f1e3d0d55593830294c0a61752b8e33ca058b2d89c,reference-only/source-bundle,.local-reference-library/source-batches/Part2.zip,Third-party ChillDKG/reference-implementation material retained for provenance; not copied into active experiments because upstream labels it reference/test code and unsuitable for production.
Part2/DKG python/bip-frost-dkg-master/python/secp256k1lab/.github/workflows/main.yml,423,62e69e97de8483a7111d4f62906635ad3508147633547b32f89e9fc3461a4bf3,reference-only/source-bundle,.local-reference-library/source-batches/Part2.zip,Third-party ChillDKG/reference-implementation material retained for provenance; not copied into active experiments because upstream labels it reference/test code and unsuitable for production.
Part2/DKG python/bip-frost-dkg-master/python/secp256k1lab/.python-version,4,3ec15f7f82d24dbcd050ce11c3994d981499b029772da41c37a2cd0acce87f6e,reference-only/source-bundle,.local-reference-library/source-batches/Part2.zip,Third-party ChillDKG/reference-implementation material retained for provenance; not copied into active experiments because upstream labels it reference/test code and unsuitable for production.
Part2/DKG python/bip-frost-dkg-master/python/secp256k1lab/CHANGELOG.md,295,727edfd7a39390c5b4017c679511b553722ff494f7217f778ae64bc3dafd681b,reference-only/source-bundle,.local-reference-library/source-batches/Part2.zip,Third-party ChillDKG/reference-implementation material retained for provenance; not copied into active experiments because upstream labels it reference/test code and unsuitable for production.
Part2/DKG python/bip-frost-dkg-master/python/secp256k1lab/COPYING,1190,8f13f6dc042fbc546d7217ed87f1639a9f95ba8ba0248364899564c5d4f32576,reference-only/source-bundle,.local-reference-library/source-batches/Part2.zip,Third-party ChillDKG/reference-implementation material retained for provenance; not copied into active experiments because upstream labels it reference/test code and unsuitable for production.
Part2/DKG python/bip-frost-dkg-master/python/secp256k1lab/pyproject.toml,1276,8e0756324aa52b1d95586706eff41079ee10bd6335bef1e730d37a9a63bcffe2,reference-only/source-bundle,.local-reference-library/source-batches/Part2.zip,Third-party ChillDKG/reference-implementation material retained for provenance; not copied into active experiments because upstream labels it reference/test code and unsuitable for production.
Part2/DKG python/bip-frost-dkg-master/python/secp256k1lab/README.md,588,67dfa2abf53f970974cd9771725ff847af5be47885ecd135957671c09af59d8a,reference-only/source-bundle,.local-reference-library/source-batches/Part2.zip,Third-party ChillDKG/reference-implementation material retained for provenance; not copied into active experiments because upstream labels it reference/test code and unsuitable for production.
Part2/DKG python/bip-frost-dkg-master/python/secp256k1lab/src/secp256k1lab/bip340.py,2492,428ee8110175b32b67d22a88efe07a44cede2419d0f547949164f2a8f9d76b96,reference-only/source-bundle,.local-reference-library/source-batches/Part2.zip,Third-party ChillDKG/reference-implementation material retained for provenance; not copied into active experiments because upstream labels it reference/test code and unsuitable for production.
Part2/DKG python/bip-frost-dkg-master/python/secp256k1lab/src/secp256k1lab/ecdh.py,522,8ee93a3442bce4c438bd6373565071a09fd7c1075e998b7e90b51ae17a8df0e1,reference-only/source-bundle,.local-reference-library/source-batches/Part2.zip,Third-party ChillDKG/reference-implementation material retained for provenance; not copied into active experiments because upstream labels it reference/test code and unsuitable for production.
Part2/DKG python/bip-frost-dkg-master/python/secp256k1lab/src/secp256k1lab/keys.py,548,25a7c9d4d70dec7acea57245a529ef5f8454616d075a31fe27964d3e237c2860,reference-only/source-bundle,.local-reference-library/source-batches/Part2.zip,Third-party ChillDKG/reference-implementation material retained for provenance; not copied into active experiments because upstream labels it reference/test code and unsuitable for production.
Part2/DKG python/bip-frost-dkg-master/python/secp256k1lab/src/secp256k1lab/py.typed,0,e3b0c44298fc1c149afbf4c8996fb92427ae41e4649b934ca495991b7852b855,reference-only/source-bundle,.local-reference-library/source-batches/Part2.zip,Third-party ChillDKG/reference-implementation material retained for provenance; not copied into active experiments because upstream labels it reference/test code and unsuitable for production.
Part2/DKG python/bip-frost-dkg-master/python/secp256k1lab/src/secp256k1lab/secp256k1.py,15741,3a3316ea6717f8dd6d89eb65e80a09265551955d5c9eb872fae3e12504cc63b0,reference-only/source-bundle,.local-reference-library/source-batches/Part2.zip,Third-party ChillDKG/reference-implementation material retained for provenance; not copied into active experiments because upstream labels it reference/test code and unsuitable for production.
Part2/DKG python/bip-frost-dkg-master/python/secp256k1lab/src/secp256k1lab/util.py,645,3aeccf814f0bd67cdfb0791a6bf054b367c580942acd44942fdf505e5a1af707,reference-only/source-bundle,.local-reference-library/source-batches/Part2.zip,Third-party ChillDKG/reference-implementation material retained for provenance; not copied into active experiments because upstream labels it reference/test code and unsuitable for production.
Part2/DKG python/bip-frost-dkg-master/python/secp256k1lab/src/secp256k1lab/__init__.py,0,e3b0c44298fc1c149afbf4c8996fb92427ae41e4649b934ca495991b7852b855,exact duplicate within Part2,Part2/DKG python/bip-frost-dkg-master/python/secp256k1lab/src/secp256k1lab/py.typed,Byte-identical to an earlier Part 2 source entry; retained once through the exact source archive.
Part2/DKG python/bip-frost-dkg-master/python/secp256k1lab/src/secp256k1lab/__pycache__/bip340.cpython-39.pyc,2222,d1383e5da6410d4a0803b615c6722208c545bbedef0a5765f1406a124f5c8599,discarded generated artifact,,Generated cache/checkpoint; no canonical value.
Part2/DKG python/bip-frost-dkg-master/python/secp256k1lab/src/secp256k1lab/__pycache__/ecdh.cpython-39.pyc,762,f65474ba56f221a3aa8cc121cda50b151137d31adae6723e08b1f168486d4834,discarded generated artifact,,Generated cache/checkpoint; no canonical value.
Part2/DKG python/bip-frost-dkg-master/python/secp256k1lab/src/secp256k1lab/__pycache__/keys.cpython-39.pyc,649,48e60fba751b9f1feeeff9640cdb05547dcd57e69d2a9f39e0d39561d08cd123,discarded generated artifact,,Generated cache/checkpoint; no canonical value.
Part2/DKG python/bip-frost-dkg-master/python/secp256k1lab/src/secp256k1lab/__pycache__/secp256k1.cpython-39.pyc,15265,0b3831c2c3a6a988a72af440e87f97e458bfa56dae3ee5e392f7d4dce8258962,discarded generated artifact,,Generated cache/checkpoint; no canonical value.
Part2/DKG python/bip-frost-dkg-master/python/secp256k1lab/src/secp256k1lab/__pycache__/util.cpython-39.pyc,1237,08e3024e80c8c757de1a67bc2cd837fd5b1f3d6f2c2f0bf6ea67c79ad40a1b47,discarded generated artifact,,Generated cache/checkpoint; no canonical value.
Part2/DKG python/bip-frost-dkg-master/python/secp256k1lab/src/secp256k1lab/__pycache__/__init__.cpython-39.pyc,210,b5217a5f4eff8c3e57f64162f0fd62def8f6ea0d056b1264fcc47d9798d61a02,discarded generated artifact,,Generated cache/checkpoint; no canonical value.
Part2/DKG python/bip-frost-dkg-master/python/tests.py,13662,68fcc9d79dcd0922eed7e93a1b5ad57ddc2199c4647393bf364af514340d25a2,reference-only/source-bundle,.local-reference-library/source-batches/Part2.zip,Third-party ChillDKG/reference-implementation material retained for provenance; not copied into active experiments because upstream labels it reference/test code and unsuitable for production.
Part2/DKG python/bip-frost-dkg-master/python/tests.sh,569,ce33bcfc6ee80bf2ba304478b124826326190a3c7d899105614ef8b0d3c26cd4,reference-only/source-bundle,.local-reference-library/source-batches/Part2.zip,Third-party ChillDKG/reference-implementation material retained for provenance; not copied into active experiments because upstream labels it reference/test code and unsuitable for production.
Part2/DKG python/bip-frost-dkg-master/README.md,77463,58f91f0cad30df48f40636b406a99db6aa8af8b3b9bcc5e86ec80a99d860e99e,integrated/reworked,src/content/blog/chilldkg-practical-frost-dkg.md,Used as primary recovered source for the ChillDKG engineering research note; claims were narrowed and production-code warnings preserved.
Part2/DKG python/bip-frost-dkg-master/update-pydoc.sh,1861,2c8fe615de01d07f7f2651a406be3104ac5a25c3a30ccfaffe2a803335121656,reference-only/source-bundle,.local-reference-library/source-batches/Part2.zip,Third-party ChillDKG/reference-implementation material retained for provenance; not copied into active experiments because upstream labels it reference/test code and unsuitable for production.
Part2/DKG python/Distributed-Key-Generation-Algorithm-master/computation.py,2903,329fc5160084545083206e423f9a92bb4668a3a6c8d929805362b68e9cc5f28c,superseded by stronger canonical work,src/content/blog/dkg-from-vss-pedersen.md,Older P2P DKG repository/PDF is weaker than the canonical VSS/DKG/FROST track; retained only in the source batch.
Part2/DKG python/Distributed-Key-Generation-Algorithm-master/control.py,4671,43eded90e3d010ad64f3bb0feb90675551cfe75db46fb57a5dec98ee97ba08cb,superseded by stronger canonical work,src/content/blog/dkg-from-vss-pedersen.md,Older P2P DKG repository/PDF is weaker than the canonical VSS/DKG/FROST track; retained only in the source batch.
Part2/DKG python/Distributed-Key-Generation-Algorithm-master/DKG_over_a_P2P_Network.pdf,469955,543f5ddc32286153a289ba22877a85e6899854142efbcfdd4b80b5b51939cc4a,superseded by stronger canonical work,src/content/blog/dkg-from-vss-pedersen.md,Older P2P DKG repository/PDF is weaker than the canonical VSS/DKG/FROST track; retained only in the source batch.
Part2/DKG python/Distributed-Key-Generation-Algorithm-master/errors.py,314,f91584833279bd995b712a26a4a14759d84b745c4c776361258b48056ac111be,superseded by stronger canonical work,src/content/blog/dkg-from-vss-pedersen.md,Older P2P DKG repository/PDF is weaker than the canonical VSS/DKG/FROST track; retained only in the source batch.
Part2/DKG python/Distributed-Key-Generation-Algorithm-master/get_priv_key.py,3757,3b9f42f1b2a07df770e6d228de57c4143ffbb177a511aabdde36c39e23657d67,superseded by stronger canonical work,src/content/blog/dkg-from-vss-pedersen.md,Older P2P DKG repository/PDF is weaker than the canonical VSS/DKG/FROST track; retained only in the source batch.
Part2/DKG python/Distributed-Key-Generation-Algorithm-master/main.py,1137,959b22743f9174bab01e5aebd815716abdf16bd9c2b632399e3ff8a2a36323c9,superseded by stronger canonical work,src/content/blog/dkg-from-vss-pedersen.md,Older P2P DKG repository/PDF is weaker than the canonical VSS/DKG/FROST track; retained only in the source batch.
Part2/DKG python/Distributed-Key-Generation-Algorithm-master/message.py,1484,d654918435eeb5a6305a5adbdf9a684c07c4abd2852f8b3eb7c79eb4e5409dc3,superseded by stronger canonical work,src/content/blog/dkg-from-vss-pedersen.md,Older P2P DKG repository/PDF is weaker than the canonical VSS/DKG/FROST track; retained only in the source batch.
Part2/DKG python/Distributed-Key-Generation-Algorithm-master/p2p.py,12283,ab69c3bebf3c2a402b26c82a0b75ed3bf2747b1b159633816744eaee7e4be8fc,superseded by stronger canonical work,src/content/blog/dkg-from-vss-pedersen.md,Older P2P DKG repository/PDF is weaker than the canonical VSS/DKG/FROST track; retained only in the source batch.
Part2/DKG python/Distributed-Key-Generation-Algorithm-master/README.md,166,eafda9936c6ba2048d3a44456fa6a43dcef5e4d71b9511c10a3a48fbab5d8b78,superseded by stronger canonical work,src/content/blog/dkg-from-vss-pedersen.md,Older P2P DKG repository/PDF is weaker than the canonical VSS/DKG/FROST track; retained only in the source batch.
Part2/DKG python/Distributed-Key-Generation-Algorithm-master/setup.txt,39,b4c6bee19714498f12c260dd193ff8604582b0c43cbec65941055aa3c51fb236,superseded by stronger canonical work,src/content/blog/dkg-from-vss-pedersen.md,Older P2P DKG repository/PDF is weaker than the canonical VSS/DKG/FROST track; retained only in the source batch.
Part2/DKG python/Distributed-Key-Generation-Algorithm-master/test.py,588,4060ed94d996f65ecbc53f10515fab20cca3262dc9ad509876e10c2cd62c8442,superseded by stronger canonical work,src/content/blog/dkg-from-vss-pedersen.md,Older P2P DKG repository/PDF is weaker than the canonical VSS/DKG/FROST track; retained only in the source batch.
Part2/DKG python/Distributed-Key-Generation-Algorithm-master/__pycache__/computation.cpython-39.pyc,3679,0966fb28a92a46df13ac79d7cba34683811abc6903e5797a5c59045b3e5e1fc5,discarded generated artifact,,Generated cache/checkpoint; no canonical value.
Part2/DKG python/Distributed-Key-Generation-Algorithm-master/__pycache__/errors.cpython-39.pyc,750,fb79e20a508e860576f0e8d3f129d6c405e63d360fb34dfc66e0d9e555075aab,discarded generated artifact,,Generated cache/checkpoint; no canonical value.
Part2/DKG python/Distributed-Key-Generation-Algorithm-master/__pycache__/message.cpython-39.pyc,2338,88fba6e1b367f3aa7c4bf36bceb7208c50f23e1fabe1d78e4acf04ce493144c3,discarded generated artifact,,Generated cache/checkpoint; no canonical value.
Part2/DKG python/Distributed-Key-Generation-Algorithm-master/__pycache__/p2p.cpython-39.pyc,9877,7c5f58777700b5b17ffe67fadea5afa62c6ce0c87f9b0b0fd234a167579da25c,discarded generated artifact,,Generated cache/checkpoint; no canonical value.
Part2/DKG python/Distributed-Key-Generation-Algorithm-master/__pycache__/test.cpython-39.pyc,718,3ca13759ca4a9ab52545b57e15869e5b0d8d14c5108a10f3e76771668878aa27,discarded generated artifact,,Generated cache/checkpoint; no canonical value.
Part2/EverythingCrypto-master/EverythingCrypto-master/E0-Security-Theory/Chosen plaintext attack.pdf,193321,45ceeb7ef220480a5cb8a815436b783c7c45319243f3c2ef7e112a0584656e24,superseded by stronger canonical work,src/content/blog/digital-signatures-foundations.md,General security-theory teaching material overlaps stronger canonical foundations/security-model coverage.
Part2/EverythingCrypto-master/EverythingCrypto-master/E0-Security-Theory/Definitions and concepts.pdf,100224,96b5b9c7b1568a01b45c838f7c427b4577291f195db91603b3cc061489b92cda,superseded by stronger canonical work,src/content/blog/digital-signatures-foundations.md,General security-theory teaching material overlaps stronger canonical foundations/security-model coverage.
Part2/EverythingCrypto-master/EverythingCrypto-master/E0-Security-Theory/Overview.pdf,120804,4164ee02b211f08d9b1c8247f3d453aad3e53bb226a428f79e08b3a11e69de65,superseded by stronger canonical work,src/content/blog/digital-signatures-foundations.md,General security-theory teaching material overlaps stronger canonical foundations/security-model coverage.
Part2/EverythingCrypto-master/EverythingCrypto-master/E0-Security-Theory/README.md,129,4ee5c4bcf0b9e22045881b30d6075f789d75489f4d0bdcf1ef323217c785b1d5,superseded by stronger canonical work,src/content/blog/digital-signatures-foundations.md,General security-theory teaching material overlaps stronger canonical foundations/security-model coverage.
Part2/EverythingCrypto-master/EverythingCrypto-master/E0-Security-Theory/Types of attacks.pdf,123744,0a1a2222bd2336dc64aba3c9655aa3b9fd98ffb3fc3e7af89b3160589638a507,superseded by stronger canonical work,src/content/blog/digital-signatures-foundations.md,General security-theory teaching material overlaps stronger canonical foundations/security-model coverage.
Part2/EverythingCrypto-master/EverythingCrypto-master/S1-PRNGs-and-stream-ciphers/1.PNG,10608,21c535d69ca7eb725e89fc857a4c86e5449cedd3d622f854a900c957a811c763,reference-only/source-bundle,.local-reference-library/source-batches/Part2.zip,Legacy source illustration retained in the source batch; canonical articles use cleaned prose/math and do not require this image.
Part2/EverythingCrypto-master/EverythingCrypto-master/S1-PRNGs-and-stream-ciphers/2.PNG,15452,c8fc1865c4328bb9107ee86f16e2a73353edede224202e8e01c4c1910c944ec8,reference-only/source-bundle,.local-reference-library/source-batches/Part2.zip,Legacy source illustration retained in the source batch; canonical articles use cleaned prose/math and do not require this image.
Part2/EverythingCrypto-master/EverythingCrypto-master/S1-PRNGs-and-stream-ciphers/3.PNG,50106,6a9e5ee4a4f50f7239a5e395cbea65f0ebec9605f12dc1e7375b4d4e81bcc6bc,reference-only/source-bundle,.local-reference-library/source-batches/Part2.zip,Legacy source illustration retained in the source batch; canonical articles use cleaned prose/math and do not require this image.
Part2/EverythingCrypto-master/EverythingCrypto-master/S1-PRNGs-and-stream-ciphers/4.PNG,153214,d23be7b282ba2380253b050fcebb612d9bb36d812469af3667b454997ab5bea2,reference-only/source-bundle,.local-reference-library/source-batches/Part2.zip,Legacy source illustration retained in the source batch; canonical articles use cleaned prose/math and do not require this image.
Part2/EverythingCrypto-master/EverythingCrypto-master/S1-PRNGs-and-stream-ciphers/5.PNG,24741,3c03f29c64b1841356f2a7bb3c2560fa0e042e45a54402452e775d47629299d0,reference-only/source-bundle,.local-reference-library/source-batches/Part2.zip,Legacy source illustration retained in the source batch; canonical articles use cleaned prose/math and do not require this image.
Part2/EverythingCrypto-master/EverythingCrypto-master/S1-PRNGs-and-stream-ciphers/Dual_EC_DRBG.ipynb,69591,478025cc5b69254f565c60d8d65d3b03f34065aa3c5aaee2b405f52914818531,integrated/reworked,src/content/blog/dual-ec-drbg-backdoor-lesson.md,Recovered teaching material was rewritten into the ordered Randomness & Stream Ciphers path with technical corrections and current historical context.
Part2/EverythingCrypto-master/EverythingCrypto-master/S1-PRNGs-and-stream-ciphers/Geffe_LFSR_correlation_attack.ipynb,26266,5adcc9ecb86b44054386f13d16032f200db40085620dc1eee9c74c35db4eae0c,integrated/reworked,src/content/blog/geffe-generator-correlation-attack.md,Recovered teaching material was rewritten into the ordered Randomness & Stream Ciphers path with technical corrections and current historical context.
Part2/EverythingCrypto-master/EverythingCrypto-master/S1-PRNGs-and-stream-ciphers/Linear_congruential_generator.ipynb,6268,e76e6ab2a036249e84a0be0849e1fab62bd42d62d14b383353507848a3468dbe,integrated/reworked,src/content/blog/linear-congruential-generators-predictability.md,Recovered teaching material was rewritten into the ordered Randomness & Stream Ciphers path with technical corrections and current historical context.
Part2/EverythingCrypto-master/EverythingCrypto-master/S1-PRNGs-and-stream-ciphers/Linear_Feedback_Shift_Registers.ipynb,704346,343d2ca774bbd39d195df71068201459b55bf7a028b91fbef88f08d150785f3b,integrated/reworked,src/content/blog/lfsr-linear-complexity.md,Recovered teaching material was rewritten into the ordered Randomness & Stream Ciphers path with technical corrections and current historical context.
Part2/EverythingCrypto-master/EverythingCrypto-master/S1-PRNGs-and-stream-ciphers/PRG_and_ChaCha_example.ipynb,253239,ea1f578aa9fdd8bb4dcdc0745d871599d700cde4d353006a7a43f03d834aefcf,integrated/reworked,src/content/blog/chacha20-arx-stream-cipher.md,Recovered teaching material was rewritten into the ordered Randomness & Stream Ciphers path with technical corrections and current historical context.
Part2/EverythingCrypto-master/EverythingCrypto-master/S1-PRNGs-and-stream-ciphers/PRNGs.md,53414,4ff9295bf733d095b08ff68e06ba8c5db203d51c1fd4e79037a50a7df7229380,integrated/reworked,src/content/blog/prg-stream-cipher-foundations.md,Recovered teaching material was rewritten into the ordered Randomness & Stream Ciphers path with technical corrections and current historical context.
Part2/EverythingCrypto-master/EverythingCrypto-master/S1-PRNGs-and-stream-ciphers/Pseudorandomness and Stream Ciphers.pdf,128454,9768c886499acb7c81c1d0f015b305759b3c6773261b5cd1240b2ec1dd3f6a8d,superseded by stronger canonical work,src/content/blog/prg-stream-cipher-foundations.md,Legacy README/PDF/test helper overlaps the cleaned canonical Randomness & Stream Ciphers series.
Part2/EverythingCrypto-master/EverythingCrypto-master/S1-PRNGs-and-stream-ciphers/RC4.ipynb,56359,f5ce26ca272dc09ae213ec6ee5c9c54d2b1f54cc50813e3469efc78993232631,integrated/reworked,src/content/blog/rc4-biases-fms-obsolete.md,Recovered teaching material was rewritten into the ordered Randomness & Stream Ciphers path with technical corrections and current historical context.
Part2/EverythingCrypto-master/EverythingCrypto-master/S1-PRNGs-and-stream-ciphers/README.md,1205,29bb6be4087bc444dcbc45b3235630afcab7f17c970a0664a81c0b4e6df960fd,superseded by stronger canonical work,src/content/blog/prg-stream-cipher-foundations.md,Legacy README/PDF/test helper overlaps the cleaned canonical Randomness & Stream Ciphers series.
Part2/EverythingCrypto-master/EverythingCrypto-master/S1-PRNGs-and-stream-ciphers/test.py,3525,ec49807b3ca428286e728dcda4d934f4d441bc322552258a092a05ca1380b24e,superseded by stronger canonical work,src/content/blog/prg-stream-cipher-foundations.md,Legacy README/PDF/test helper overlaps the cleaned canonical Randomness & Stream Ciphers series.
Part2/EverythingCrypto-master/EverythingCrypto-master/S1-PRNGs-and-stream-ciphers/test2.py,818,9d2f004f9dcaf05f24162c6bebe4a09fd3affa07d5c495a3873b869b62085184,superseded by stronger canonical work,src/content/blog/prg-stream-cipher-foundations.md,Legacy README/PDF/test helper overlaps the cleaned canonical Randomness & Stream Ciphers series.
Part2/EverythingCrypto-master/EverythingCrypto-master/S1-PRNGs-and-stream-ciphers/test3.py,1841,fdb8d886ef8150581417cd5742dff7ada57a9cf18ec0b67e6517f6d30cb7cd72,superseded by stronger canonical work,src/content/blog/prg-stream-cipher-foundations.md,Legacy README/PDF/test helper overlaps the cleaned canonical Randomness & Stream Ciphers series.
Part2/EverythingCrypto-master/EverythingCrypto-master/S4-Authenticated-Encryption/AE and AEAD.pdf,75284,b7a2ccf0c8a93f57399834192d03ca4a5f2a6a4f7b24bc6f07b37be3d6c1374a,superseded by stronger canonical work,src/content/blog/authenticated-encryption-aead.md,Legacy AE/AEAD PDF/README overlaps the canonical AEAD article.
Part2/EverythingCrypto-master/EverythingCrypto-master/S4-Authenticated-Encryption/GCM_Forbidden_attack.ipynb,16311,3ac8a3cc049e3ac5c7f13575c4c34a7f9ca7796de2fb0607231c198a0458fc9d,integrated/reworked,src/content/blog/authenticated-encryption-aead.md,Unique GCM/GHASH and nonce-reuse/forbidden-attack material merged into the canonical AEAD article rather than creating a duplicate GCM chapter.
Part2/EverythingCrypto-master/EverythingCrypto-master/S4-Authenticated-Encryption/GCM_mode.ipynb,34840,718907f4d14aef3a054b22f7bfc3eef30686cb385954d941b074cb1d9ffdb25d,integrated/reworked,src/content/blog/authenticated-encryption-aead.md,Unique GCM/GHASH and nonce-reuse/forbidden-attack material merged into the canonical AEAD article rather than creating a duplicate GCM chapter.
Part2/EverythingCrypto-master/EverythingCrypto-master/S4-Authenticated-Encryption/README.md,371,784805f3edaf798a3d6a8f79af83cdf99b6a4299a903bad6e6a77619eff644ab,superseded by stronger canonical work,src/content/blog/authenticated-encryption-aead.md,Legacy AE/AEAD PDF/README overlaps the canonical AEAD article.
Part2/KEMS/cr.yp.to_ 2023.10.23_ Reducing _gate_ counts for Kyber-512.pdf,238954,33dfd409360ad7b648320af88d984271db32ac4dcb2dc4c247aa0b4bafa811ef,reference-only/source-bundle,.local-reference-library/source-batches/Part2.zip,Kyber cost-analysis reference retained for future PQC work; not elevated to a canonical conclusion from one source.
Part2/KEMS/QFESTA-SageMath-main.zip,68259,9b5d669e0e6160df915a0697d48393755c07edee569967a7782dba3cee8ce2e5,integrated/reworked,src/content/blog/qfesta-isogeny-kem-research-note.md,QFESTA proof-of-concept mined for a conservative research note; the third-party Sage archive remains only in the exact source batch.
Part2/Linear Cryptanalysis/Dual_EC_DRBG.md,6266,b633d0986a77639686b9468004f5f4de0ef7edaedbabb38e3cb0511e453f462f,integrated/reworked,src/content/blog/dual-ec-drbg-backdoor-lesson.md,Markdown version used as source; consolidated with notebook/PRNG notes and technically corrected.
Part2/Linear Cryptanalysis/Geffe_LFSR_correlation_attack.md,5623,3488811857f59ee56add6b1ecaef03d4ead7d552402e0198234e29f3e6bb51e3,integrated/reworked,src/content/blog/geffe-generator-correlation-attack.md,Markdown version used as source; consolidated with notebook/PRNG notes and technically corrected.
Part2/Linear Cryptanalysis/Linear Cryptanalysis.ipynb,349773,56e0501f152eb8f8f8ede081e63df10bfcb8a72d81225aa09e92323fee69c845,superseded by stronger canonical work,src/content/blog/matsui-linear-cryptanalysis.md,True linear-cryptanalysis notebook overlaps the reviewed Matsui article and test suite already canonical in CryptoCave.
Part2/Linear Cryptanalysis/Linear_congruential_generator.md,2969,19bbe63eed2aee7b2be22243add77c8f79f0cc2f19e0ce9ce79955c56e95063b,integrated/reworked,src/content/blog/linear-congruential-generators-predictability.md,Markdown version used as source; consolidated with notebook/PRNG notes and technically corrected.
Part2/Linear Cryptanalysis/Linear_Feedback_Shift_Registers.md,7050,1ef77cc6ac4cb80d15ef8f4437b5621d8d70c7cf5660100935b862e1e181a4a0,integrated/reworked,src/content/blog/lfsr-linear-complexity.md,Markdown version used as source; consolidated with notebook/PRNG notes and technically corrected.
Part2/Linear Cryptanalysis/PRG_and_ChaCha_example.md,15600,f31a085186c3a2a0eadb52aea3ff0e199f9381cacfff3ce89cec8225900bf319,integrated/reworked,src/content/blog/chacha20-arx-stream-cipher.md,Markdown version used as source; consolidated with notebook/PRNG notes and technically corrected.
Part2/Linear Cryptanalysis/RC4.md,6432,8cbfc8dee1337ae1c9480ae703cfd7e42a70c825f9a1372b43a85fd01600e22d,integrated/reworked,src/content/blog/rc4-biases-fms-obsolete.md,Markdown version used as source; consolidated with notebook/PRNG notes and technically corrected.
Part2/Machine Learning/Adversarial AI/1810.01185v2.pdf,900216,e9fc5e052ea189032f9e60381b29a42cd2b8d5610730c74ca997274b758e5adb,out-of-scope reference-only,.local-reference-library/source-batches/Part2.zip,Adversarial-ML/teaching material is outside the current cryptography knowledge-base scope; retained only in the exact source batch.
Part2/Machine Learning/Adversarial AI/Codes/mnist_cnn.pt,4801743,9221b04dafd87cd275c99e67e35611a44276698101742d08308a13e8378f8a81,out-of-scope reference-only,.local-reference-library/source-batches/Part2.zip,Adversarial-ML/teaching material is outside the current cryptography knowledge-base scope; retained only in the exact source batch.
Part2/Machine Learning/Adversarial AI/Codes/test.py,5035,5d7c1038df631e98b68225cad1f211d91b03d2c5a2d9ec756125a0e287c020c1,out-of-scope reference-only,.local-reference-library/source-batches/Part2.zip,Adversarial-ML/teaching material is outside the current cryptography knowledge-base scope; retained only in the exact source batch.
Part2/Machine Learning/Adversarial AI/Codes/tutorial_adversarialml-master/.gitignore,4517,48a3db327d3261ef6bdf4aba4f6eef931e89f4bdda2666b3b9bd6a92b370e285,out-of-scope reference-only,.local-reference-library/source-batches/Part2.zip,Adversarial-ML/teaching material is outside the current cryptography knowledge-base scope; retained only in the exact source batch.
Part2/Machine Learning/Adversarial AI/Codes/tutorial_adversarialml-master/.ipynb_checkpoints/adversarial_tutorial-checkpoint.ipynb,747588,b705b07170ce0c65fb6338d45ba25c0e3f4164ec18fe5c545ea3ee660a919201,discarded generated artifact,,Generated cache/checkpoint; no canonical value.
Part2/Machine Learning/Adversarial AI/Codes/tutorial_adversarialml-master/adversarial_tutorial.css,80,07bb51582b3b92ff9a3475f538399f27521f8ab74811206cb9df4a302fc593b1,out-of-scope reference-only,.local-reference-library/source-batches/Part2.zip,Adversarial-ML/teaching material is outside the current cryptography knowledge-base scope; retained only in the exact source batch.
Part2/Machine Learning/Adversarial AI/Codes/tutorial_adversarialml-master/adversarial_tutorial.ipynb,747588,b705b07170ce0c65fb6338d45ba25c0e3f4164ec18fe5c545ea3ee660a919201,exact duplicate within Part2,Part2/Machine Learning/Adversarial AI/Codes/tutorial_adversarialml-master/.ipynb_checkpoints/adversarial_tutorial-checkpoint.ipynb,Byte-identical to an earlier Part 2 source entry; retained once through the exact source archive.
Part2/Machine Learning/Adversarial AI/Codes/tutorial_adversarialml-master/figures/irises/iris_setosa.jpg,110722,fdfba582c68ece9fb2c963c96887d9f704383f9f90b0b82bec108ad80ee2b480,out-of-scope reference-only,.local-reference-library/source-batches/Part2.zip,Adversarial-ML/teaching material is outside the current cryptography knowledge-base scope; retained only in the exact source batch.
Part2/Machine Learning/Adversarial AI/Codes/tutorial_adversarialml-master/figures/irises/iris_versicolor.jpg,219216,4b5936dcb1eda6662ecd33320ed52286fd9248a1bcdcda78efb411dcd0c99f1d,out-of-scope reference-only,.local-reference-library/source-batches/Part2.zip,Adversarial-ML/teaching material is outside the current cryptography knowledge-base scope; retained only in the exact source batch.
Part2/Machine Learning/Adversarial AI/Codes/tutorial_adversarialml-master/figures/irises/Iris_virginica.jpg,228449,9b40079eb4b92ef95a353a1e3e3b86d143ee783b5122d937236e1cca0e9379d2,out-of-scope reference-only,.local-reference-library/source-batches/Part2.zip,Adversarial-ML/teaching material is outside the current cryptography knowledge-base scope; retained only in the exact source batch.
Part2/Machine Learning/Adversarial AI/Codes/tutorial_adversarialml-master/figures/manifold.png,657685,96c319c332e04a6d681a4f2499685f6520f36ab982c7c4916cdc7b697b864ca5,out-of-scope reference-only,.local-reference-library/source-batches/Part2.zip,Adversarial-ML/teaching material is outside the current cryptography knowledge-base scope; retained only in the exact source batch.
Part2/Machine Learning/Adversarial AI/Codes/tutorial_adversarialml-master/figures/manifold_adversarial.png,182056,c839a305e811222941ff0a7f8a3193b9a50266de8c3f0d4f9cc2f7c6a7afe266,out-of-scope reference-only,.local-reference-library/source-batches/Part2.zip,Adversarial-ML/teaching material is outside the current cryptography knowledge-base scope; retained only in the exact source batch.
Part2/Machine Learning/Adversarial AI/Codes/tutorial_adversarialml-master/figures/old_photos/1.1.jpg,25042,9f75dc7838de37ac979bf953e71c1920c6a66ed351a74a6dca39214fd86ab4a8,out-of-scope reference-only,.local-reference-library/source-batches/Part2.zip,Adversarial-ML/teaching material is outside the current cryptography knowledge-base scope; retained only in the exact source batch.
Part2/Machine Learning/Adversarial AI/Codes/tutorial_adversarialml-master/figures/old_photos/1.2.jpg,16435,99f3bfea513e16a955b3a295cdc7325abc91a0cb9ee978ebacf482c910f08c81,out-of-scope reference-only,.local-reference-library/source-batches/Part2.zip,Adversarial-ML/teaching material is outside the current cryptography knowledge-base scope; retained only in the exact source batch.
Part2/Machine Learning/Adversarial AI/Codes/tutorial_adversarialml-master/figures/old_photos/1.jpg,6986,6f6abeae37652330c439557ccd9b06f2e35014e8351c36a901bcd8a7e87d969f,out-of-scope reference-only,.local-reference-library/source-batches/Part2.zip,Adversarial-ML/teaching material is outside the current cryptography knowledge-base scope; retained only in the exact source batch.
Part2/Machine Learning/Adversarial AI/Codes/tutorial_adversarialml-master/figures/old_photos/apple_side.jpg,22852,e461a3c2e2046aae7e3a9c126b2aab69b9e39de644a601fdc21679790233568a,out-of-scope reference-only,.local-reference-library/source-batches/Part2.zip,Adversarial-ML/teaching material is outside the current cryptography knowledge-base scope; retained only in the exact source batch.
Part2/Machine Learning/Adversarial AI/Codes/tutorial_adversarialml-master/figures/old_photos/apple_weird.png,1212518,ae2c4473f4f82172071d441e14e050ed4c6a3f35dca358f77667f8a12634a273,out-of-scope reference-only,.local-reference-library/source-batches/Part2.zip,Adversarial-ML/teaching material is outside the current cryptography knowledge-base scope; retained only in the exact source batch.
Part2/Machine Learning/Adversarial AI/Codes/tutorial_adversarialml-master/figures/old_photos/attackers/attacker.png,161267,fcb26c86ce2bae0d8ceabdc7de1ec5af60d78acd3b9554e589e39868e8255d24,out-of-scope reference-only,.local-reference-library/source-batches/Part2.zip,Adversarial-ML/teaching material is outside the current cryptography knowledge-base scope; retained only in the exact source batch.
Part2/Machine Learning/Adversarial AI/Codes/tutorial_adversarialml-master/figures/old_photos/attackers/attack_classification.png,16942,c689773bcc1a5f31f7d0b637bb2d8b5d8b4693e46a47d0a7b4c1b9987b0793bf,out-of-scope reference-only,.local-reference-library/source-batches/Part2.zip,Adversarial-ML/teaching material is outside the current cryptography knowledge-base scope; retained only in the exact source batch.
Part2/Machine Learning/Adversarial AI/Codes/tutorial_adversarialml-master/figures/old_photos/attackers/bbox.png,161358,ba5d2961a1acef7f0ea3e992ef470cb1358b88d29b739f52e31de4d3ebc2f9b0,out-of-scope reference-only,.local-reference-library/source-batches/Part2.zip,Adversarial-ML/teaching material is outside the current cryptography knowledge-base scope; retained only in the exact source batch.
Part2/Machine Learning/Adversarial AI/Codes/tutorial_adversarialml-master/figures/old_photos/attackers/causative_attacks.png,172288,5388fe9c3fa32a5dac1bb9d8e9b9c16217ba0ac074b8b588ca1e3c304bb00bd7,out-of-scope reference-only,.local-reference-library/source-batches/Part2.zip,Adversarial-ML/teaching material is outside the current cryptography knowledge-base scope; retained only in the exact source batch.
Part2/Machine Learning/Adversarial AI/Codes/tutorial_adversarialml-master/figures/old_photos/attackers/causative_attacks_formal.png,179169,47efa83ea5cbc351dfa39324aed717decf7a9552f08263db1e089e14837b6cad,out-of-scope reference-only,.local-reference-library/source-batches/Part2.zip,Adversarial-ML/teaching material is outside the current cryptography knowledge-base scope; retained only in the exact source batch.
Part2/Machine Learning/Adversarial AI/Codes/tutorial_adversarialml-master/figures/old_photos/attackers/exploratory_attacks.png,171908,5f4b732e795c1743648328d7c206a6e9b2249c4819b10f2f653644e0e5c699a4,out-of-scope reference-only,.local-reference-library/source-batches/Part2.zip,Adversarial-ML/teaching material is outside the current cryptography knowledge-base scope; retained only in the exact source batch.
Part2/Machine Learning/Adversarial AI/Codes/tutorial_adversarialml-master/figures/old_photos/attackers/exploratory_attacks_formal.png,177707,03b4f1c2c4a7d835ab45834f1128d01d675abb7bb19e68fe125c122bcfc695a4,out-of-scope reference-only,.local-reference-library/source-batches/Part2.zip,Adversarial-ML/teaching material is outside the current cryptography knowledge-base scope; retained only in the exact source batch.
Part2/Machine Learning/Adversarial AI/Codes/tutorial_adversarialml-master/figures/old_photos/attackers/gbox.png,161772,f1cff3774624696a3cc760db6a5eb2eedfe48807f9f42e2ef1549266696207c0,out-of-scope reference-only,.local-reference-library/source-batches/Part2.zip,Adversarial-ML/teaching material is outside the current cryptography knowledge-base scope; retained only in the exact source batch.
Part2/Machine Learning/Adversarial AI/Codes/tutorial_adversarialml-master/figures/old_photos/attackers/ml_pipeline.png,86255,2d3d2c5b735d03a32870273fe6978842078ce616738ce6936d32092ed762c9d6,out-of-scope reference-only,.local-reference-library/source-batches/Part2.zip,Adversarial-ML/teaching material is outside the current cryptography knowledge-base scope; retained only in the exact source batch.
Part2/Machine Learning/Adversarial AI/Codes/tutorial_adversarialml-master/figures/old_photos/attackers/ml_pipeline_formal.png,90179,033a1df7975d4fa95f179c07193001123aa6ad34d1852e2fa3b9bb026e34ef72,out-of-scope reference-only,.local-reference-library/source-batches/Part2.zip,Adversarial-ML/teaching material is outside the current cryptography knowledge-base scope; retained only in the exact source batch.
Part2/Machine Learning/Adversarial AI/Codes/tutorial_adversarialml-master/figures/old_photos/attackers/ml_pipeline_risk.png,398234,955dceb68cdd87d0eb9ae271abe33193266a2b9d30fc76f1c9c83eb539facd27,out-of-scope reference-only,.local-reference-library/source-batches/Part2.zip,Adversarial-ML/teaching material is outside the current cryptography knowledge-base scope; retained only in the exact source batch.
Part2/Machine Learning/Adversarial AI/Codes/tutorial_adversarialml-master/figures/old_photos/attackers/model_extraction.png,172242,ba3970b85a3fd58efe0411b65fde22c14bb8dddbe3ef350b79e96a7426f7b169,out-of-scope reference-only,.local-reference-library/source-batches/Part2.zip,Adversarial-ML/teaching material is outside the current cryptography knowledge-base scope; retained only in the exact source batch.
Part2/Machine Learning/Adversarial AI/Codes/tutorial_adversarialml-master/figures/old_photos/attackers/model_extraction_fomal.png,175113,043c6f524d9b8884ce44e97d5ac2b642df23e645ef66728b477b3d55b52d2e25,out-of-scope reference-only,.local-reference-library/source-batches/Part2.zip,Adversarial-ML/teaching material is outside the current cryptography knowledge-base scope; retained only in the exact source batch.
Part2/Machine Learning/Adversarial AI/Codes/tutorial_adversarialml-master/figures/old_photos/attackers/model_inversion.png,172383,9a59afa3a67f4ea69f03897949d7725f7e950e9be9ccd76bb17f19b0153b81bb,out-of-scope reference-only,.local-reference-library/source-batches/Part2.zip,Adversarial-ML/teaching material is outside the current cryptography knowledge-base scope; retained only in the exact source batch.
Part2/Machine Learning/Adversarial AI/Codes/tutorial_adversarialml-master/figures/old_photos/attackers/model_inversion_formal.png,176073,390be5ae2161ac8e59038a47d97010f53aa35cd5dfd0a9c246260b91693cacbb,out-of-scope reference-only,.local-reference-library/source-batches/Part2.zip,Adversarial-ML/teaching material is outside the current cryptography knowledge-base scope; retained only in the exact source batch.
Part2/Machine Learning/Adversarial AI/Codes/tutorial_adversarialml-master/figures/old_photos/attackers/wbox.png,162651,7cfa78baeecefd0051b97161eae6697e713c9967e24d0aea6caed54358b1843e,out-of-scope reference-only,.local-reference-library/source-batches/Part2.zip,Adversarial-ML/teaching material is outside the current cryptography knowledge-base scope; retained only in the exact source batch.
Part2/Machine Learning/Adversarial AI/Codes/tutorial_adversarialml-master/figures/old_photos/back_prop.png,61221,d04087b69625879bae2ca20f72a1d2e1be26660c57d1186e4c00879e03ee89cc,out-of-scope reference-only,.local-reference-library/source-batches/Part2.zip,Adversarial-ML/teaching material is outside the current cryptography knowledge-base scope; retained only in the exact source batch.
Part2/Machine Learning/Adversarial AI/Codes/tutorial_adversarialml-master/figures/old_photos/forward_prop.png,29716,be7d9b90ff2d7dce6273d6e8e02ca5500b0d147c1aa9041e85042532400065f6,out-of-scope reference-only,.local-reference-library/source-batches/Part2.zip,Adversarial-ML/teaching material is outside the current cryptography knowledge-base scope; retained only in the exact source batch.
Part2/Machine Learning/Adversarial AI/Codes/tutorial_adversarialml-master/figures/old_photos/ml.png,281934,e14709789af57b20edafd5e3c0cd2b5402c1aa742402a9cad5238cabe0add7d2,out-of-scope reference-only,.local-reference-library/source-batches/Part2.zip,Adversarial-ML/teaching material is outside the current cryptography knowledge-base scope; retained only in the exact source batch.
Part2/Machine Learning/Adversarial AI/Codes/tutorial_adversarialml-master/figures/old_photos/ml_focus.png,282832,4da98ac8eef6e58842603c531193426866b8324f4787fec195a3174d4778e125,out-of-scope reference-only,.local-reference-library/source-batches/Part2.zip,Adversarial-ML/teaching material is outside the current cryptography knowledge-base scope; retained only in the exact source batch.
Part2/Machine Learning/Adversarial AI/Codes/tutorial_adversarialml-master/figures/old_photos/universal/approx.png,63160,de793b55b7954e4efff42920ca62722c86d78e0281462a85b3af896ac9297501,out-of-scope reference-only,.local-reference-library/source-batches/Part2.zip,Adversarial-ML/teaching material is outside the current cryptography knowledge-base scope; retained only in the exact source batch.
Part2/Machine Learning/Adversarial AI/Codes/tutorial_adversarialml-master/figures/old_photos/universal/approx2.png,11835,e1f19468f70597642e8dd1bf7d0a5aa8b9ad73f9f06f592860ed34412d742109,out-of-scope reference-only,.local-reference-library/source-batches/Part2.zip,Adversarial-ML/teaching material is outside the current cryptography knowledge-base scope; retained only in the exact source batch.
Part2/Machine Learning/Adversarial AI/Codes/tutorial_adversarialml-master/figures/old_photos/universal/fx.png,7175,66501d6521b26dffde4d179618e80be97522192420ce0bbb3e477c7ab7aea636,out-of-scope reference-only,.local-reference-library/source-batches/Part2.zip,Adversarial-ML/teaching material is outside the current cryptography knowledge-base scope; retained only in the exact source batch.
Part2/Machine Learning/Adversarial AI/Codes/tutorial_adversarialml-master/figures/old_photos/universal/multi1.png,16294,4394740908a187fc9d6b690edd79df1e36076526677097a51aa5614e5dfe1533,out-of-scope reference-only,.local-reference-library/source-batches/Part2.zip,Adversarial-ML/teaching material is outside the current cryptography knowledge-base scope; retained only in the exact source batch.
Part2/Machine Learning/Adversarial AI/Codes/tutorial_adversarialml-master/figures/old_photos/universal/multi2.png,72012,f0ad3270cddf65a26de9cd65ae1354c209e8e93c1eb77cf841b441875d1164af,out-of-scope reference-only,.local-reference-library/source-batches/Part2.zip,Adversarial-ML/teaching material is outside the current cryptography knowledge-base scope; retained only in the exact source batch.
Part2/Machine Learning/Adversarial AI/Codes/tutorial_adversarialml-master/figures/old_photos/universal/multi3.png,86758,f5b061818a38c2a1da5100520c6626fccd69e51d601c1d3719466edad9eb49d1,out-of-scope reference-only,.local-reference-library/source-batches/Part2.zip,Adversarial-ML/teaching material is outside the current cryptography knowledge-base scope; retained only in the exact source batch.
Part2/Machine Learning/Adversarial AI/Codes/tutorial_adversarialml-master/figures/part1/1.1.jpg,25042,9f75dc7838de37ac979bf953e71c1920c6a66ed351a74a6dca39214fd86ab4a8,exact duplicate within Part2,Part2/Machine Learning/Adversarial AI/Codes/tutorial_adversarialml-master/figures/old_photos/1.1.jpg,Byte-identical to an earlier Part 2 source entry; retained once through the exact source archive.
Part2/Machine Learning/Adversarial AI/Codes/tutorial_adversarialml-master/figures/part1/1.2.jpg,16435,99f3bfea513e16a955b3a295cdc7325abc91a0cb9ee978ebacf482c910f08c81,exact duplicate within Part2,Part2/Machine Learning/Adversarial AI/Codes/tutorial_adversarialml-master/figures/old_photos/1.2.jpg,Byte-identical to an earlier Part 2 source entry; retained once through the exact source archive.
Part2/Machine Learning/Adversarial AI/Codes/tutorial_adversarialml-master/figures/part1/1.jpg,6986,6f6abeae37652330c439557ccd9b06f2e35014e8351c36a901bcd8a7e87d969f,exact duplicate within Part2,Part2/Machine Learning/Adversarial AI/Codes/tutorial_adversarialml-master/figures/old_photos/1.jpg,Byte-identical to an earlier Part 2 source entry; retained once through the exact source archive.
Part2/Machine Learning/Adversarial AI/Codes/tutorial_adversarialml-master/figures/part1/3d decision boundaries.jpeg,190174,da742cb3b3366bc95dbf4c846562ade503df0cfd44253ca25a04441f9b3a0d74,out-of-scope reference-only,.local-reference-library/source-batches/Part2.zip,Adversarial-ML/teaching material is outside the current cryptography knowledge-base scope; retained only in the exact source batch.
Part2/Machine Learning/Adversarial AI/Codes/tutorial_adversarialml-master/figures/part1/apple_side.jpg,22852,e461a3c2e2046aae7e3a9c126b2aab69b9e39de644a601fdc21679790233568a,exact duplicate within Part2,Part2/Machine Learning/Adversarial AI/Codes/tutorial_adversarialml-master/figures/old_photos/apple_side.jpg,Byte-identical to an earlier Part 2 source entry; retained once through the exact source archive.
Part2/Machine Learning/Adversarial AI/Codes/tutorial_adversarialml-master/figures/part1/apple_weird.png,1212518,ae2c4473f4f82172071d441e14e050ed4c6a3f35dca358f77667f8a12634a273,exact duplicate within Part2,Part2/Machine Learning/Adversarial AI/Codes/tutorial_adversarialml-master/figures/old_photos/apple_weird.png,Byte-identical to an earlier Part 2 source entry; retained once through the exact source archive.
Part2/Machine Learning/Adversarial AI/Codes/tutorial_adversarialml-master/figures/part1/back_prop.png,61221,d04087b69625879bae2ca20f72a1d2e1be26660c57d1186e4c00879e03ee89cc,exact duplicate within Part2,Part2/Machine Learning/Adversarial AI/Codes/tutorial_adversarialml-master/figures/old_photos/back_prop.png,Byte-identical to an earlier Part 2 source entry; retained once through the exact source archive.
Part2/Machine Learning/Adversarial AI/Codes/tutorial_adversarialml-master/figures/part1/forward_prop.png,29716,be7d9b90ff2d7dce6273d6e8e02ca5500b0d147c1aa9041e85042532400065f6,exact duplicate within Part2,Part2/Machine Learning/Adversarial AI/Codes/tutorial_adversarialml-master/figures/old_photos/forward_prop.png,Byte-identical to an earlier Part 2 source entry; retained once through the exact source archive.
Part2/Machine Learning/Adversarial AI/Codes/tutorial_adversarialml-master/figures/part1/logistic.png,48296,bd851096e5a4769653dce4f41ed65527abd42296c8c907629158e9d2f598f21b,out-of-scope reference-only,.local-reference-library/source-batches/Part2.zip,Adversarial-ML/teaching material is outside the current cryptography knowledge-base scope; retained only in the exact source batch.
Part2/Machine Learning/Adversarial AI/Codes/tutorial_adversarialml-master/figures/part1/manifold.png,657685,96c319c332e04a6d681a4f2499685f6520f36ab982c7c4916cdc7b697b864ca5,exact duplicate within Part2,Part2/Machine Learning/Adversarial AI/Codes/tutorial_adversarialml-master/figures/manifold.png,Byte-identical to an earlier Part 2 source entry; retained once through the exact source archive.
Part2/Machine Learning/Adversarial AI/Codes/tutorial_adversarialml-master/figures/part1/manifold_adversarial.png,182056,c839a305e811222941ff0a7f8a3193b9a50266de8c3f0d4f9cc2f7c6a7afe266,exact duplicate within Part2,Part2/Machine Learning/Adversarial AI/Codes/tutorial_adversarialml-master/figures/manifold_adversarial.png,Byte-identical to an earlier Part 2 source entry; retained once through the exact source archive.
Part2/Machine Learning/Adversarial AI/Codes/tutorial_adversarialml-master/figures/part1/ml.png,281934,e14709789af57b20edafd5e3c0cd2b5402c1aa742402a9cad5238cabe0add7d2,exact duplicate within Part2,Part2/Machine Learning/Adversarial AI/Codes/tutorial_adversarialml-master/figures/old_photos/ml.png,Byte-identical to an earlier Part 2 source entry; retained once through the exact source archive.
Part2/Machine Learning/Adversarial AI/Codes/tutorial_adversarialml-master/figures/part1/ml_focus.png,282832,4da98ac8eef6e58842603c531193426866b8324f4787fec195a3174d4778e125,exact duplicate within Part2,Part2/Machine Learning/Adversarial AI/Codes/tutorial_adversarialml-master/figures/old_photos/ml_focus.png,Byte-identical to an earlier Part 2 source entry; retained once through the exact source archive.
Part2/Machine Learning/Adversarial AI/Codes/tutorial_adversarialml-master/figures/part1/optimization.gif,28767025,9db8654131b6cf735a3692ebee5f6c78bcb9270bb715d68dd2e48278256a570f,out-of-scope reference-only,.local-reference-library/source-batches/Part2.zip,Adversarial-ML/teaching material is outside the current cryptography knowledge-base scope; retained only in the exact source batch.
Part2/Machine Learning/Adversarial AI/Codes/tutorial_adversarialml-master/figures/part1/universal/approx.png,63160,de793b55b7954e4efff42920ca62722c86d78e0281462a85b3af896ac9297501,exact duplicate within Part2,Part2/Machine Learning/Adversarial AI/Codes/tutorial_adversarialml-master/figures/old_photos/universal/approx.png,Byte-identical to an earlier Part 2 source entry; retained once through the exact source archive.
Part2/Machine Learning/Adversarial AI/Codes/tutorial_adversarialml-master/figures/part1/universal/approx2.png,11835,e1f19468f70597642e8dd1bf7d0a5aa8b9ad73f9f06f592860ed34412d742109,exact duplicate within Part2,Part2/Machine Learning/Adversarial AI/Codes/tutorial_adversarialml-master/figures/old_photos/universal/approx2.png,Byte-identical to an earlier Part 2 source entry; retained once through the exact source archive.
Part2/Machine Learning/Adversarial AI/Codes/tutorial_adversarialml-master/figures/part1/universal/fx.png,7175,66501d6521b26dffde4d179618e80be97522192420ce0bbb3e477c7ab7aea636,exact duplicate within Part2,Part2/Machine Learning/Adversarial AI/Codes/tutorial_adversarialml-master/figures/old_photos/universal/fx.png,Byte-identical to an earlier Part 2 source entry; retained once through the exact source archive.
Part2/Machine Learning/Adversarial AI/Codes/tutorial_adversarialml-master/figures/part1/universal/multi1.png,16294,4394740908a187fc9d6b690edd79df1e36076526677097a51aa5614e5dfe1533,exact duplicate within Part2,Part2/Machine Learning/Adversarial AI/Codes/tutorial_adversarialml-master/figures/old_photos/universal/multi1.png,Byte-identical to an earlier Part 2 source entry; retained once through the exact source archive.
Part2/Machine Learning/Adversarial AI/Codes/tutorial_adversarialml-master/figures/part1/universal/multi2.png,72012,f0ad3270cddf65a26de9cd65ae1354c209e8e93c1eb77cf841b441875d1164af,exact duplicate within Part2,Part2/Machine Learning/Adversarial AI/Codes/tutorial_adversarialml-master/figures/old_photos/universal/multi2.png,Byte-identical to an earlier Part 2 source entry; retained once through the exact source archive.
Part2/Machine Learning/Adversarial AI/Codes/tutorial_adversarialml-master/figures/part1/universal/multi3.png,86758,f5b061818a38c2a1da5100520c6626fccd69e51d601c1d3719466edad9eb49d1,exact duplicate within Part2,Part2/Machine Learning/Adversarial AI/Codes/tutorial_adversarialml-master/figures/old_photos/universal/multi3.png,Byte-identical to an earlier Part 2 source entry; retained once through the exact source archive.
Part2/Machine Learning/Adversarial AI/Codes/tutorial_adversarialml-master/figures/part2/attackers/adv_inputs.png,51236,43307dc686adc8769b04a5da322cb1089f2a46a230c3a3c80b8a75d4e827bd90,out-of-scope reference-only,.local-reference-library/source-batches/Part2.zip,Adversarial-ML/teaching material is outside the current cryptography knowledge-base scope; retained only in the exact source batch.
Part2/Machine Learning/Adversarial AI/Codes/tutorial_adversarialml-master/figures/part2/attackers/attacker.png,161267,fcb26c86ce2bae0d8ceabdc7de1ec5af60d78acd3b9554e589e39868e8255d24,exact duplicate within Part2,Part2/Machine Learning/Adversarial AI/Codes/tutorial_adversarialml-master/figures/old_photos/attackers/attacker.png,Byte-identical to an earlier Part 2 source entry; retained once through the exact source archive.
Part2/Machine Learning/Adversarial AI/Codes/tutorial_adversarialml-master/figures/part2/attackers/attack_classification.png,16942,c689773bcc1a5f31f7d0b637bb2d8b5d8b4693e46a47d0a7b4c1b9987b0793bf,exact duplicate within Part2,Part2/Machine Learning/Adversarial AI/Codes/tutorial_adversarialml-master/figures/old_photos/attackers/attack_classification.png,Byte-identical to an earlier Part 2 source entry; retained once through the exact source archive.
Part2/Machine Learning/Adversarial AI/Codes/tutorial_adversarialml-master/figures/part2/attackers/bbox.png,161358,ba5d2961a1acef7f0ea3e992ef470cb1358b88d29b739f52e31de4d3ebc2f9b0,exact duplicate within Part2,Part2/Machine Learning/Adversarial AI/Codes/tutorial_adversarialml-master/figures/old_photos/attackers/bbox.png,Byte-identical to an earlier Part 2 source entry; retained once through the exact source archive.
Part2/Machine Learning/Adversarial AI/Codes/tutorial_adversarialml-master/figures/part2/attackers/causative.png,52085,c61f31dc688e97192ab44ec7bd172f80b4af370d18e08418f86e4c1d9a22e76a,out-of-scope reference-only,.local-reference-library/source-batches/Part2.zip,Adversarial-ML/teaching material is outside the current cryptography knowledge-base scope; retained only in the exact source batch.
Part2/Machine Learning/Adversarial AI/Codes/tutorial_adversarialml-master/figures/part2/attackers/gbox.png,161772,f1cff3774624696a3cc760db6a5eb2eedfe48807f9f42e2ef1549266696207c0,exact duplicate within Part2,Part2/Machine Learning/Adversarial AI/Codes/tutorial_adversarialml-master/figures/old_photos/attackers/gbox.png,Byte-identical to an earlier Part 2 source entry; retained once through the exact source archive.
Part2/Machine Learning/Adversarial AI/Codes/tutorial_adversarialml-master/figures/part2/attackers/ml_pipeline.png,32100,fea7899d084955d571d9b7a892c349b77883986f245d4807a0df3a4324084912,out-of-scope reference-only,.local-reference-library/source-batches/Part2.zip,Adversarial-ML/teaching material is outside the current cryptography knowledge-base scope; retained only in the exact source batch.
Part2/Machine Learning/Adversarial AI/Codes/tutorial_adversarialml-master/figures/part2/attackers/model_extraction.png,48524,a6e483c31e82be8eca0c78c493ea33ac0af5094cc778c8ca059ecc2bd7b5f542,out-of-scope reference-only,.local-reference-library/source-batches/Part2.zip,Adversarial-ML/teaching material is outside the current cryptography knowledge-base scope; retained only in the exact source batch.
Part2/Machine Learning/Adversarial AI/Codes/tutorial_adversarialml-master/figures/part2/attackers/model_inversion.png,48916,1640a6dea969f42b219322198e5fbbf20de4eb30c2fb820699114dcff359b585,out-of-scope reference-only,.local-reference-library/source-batches/Part2.zip,Adversarial-ML/teaching material is outside the current cryptography knowledge-base scope; retained only in the exact source batch.
Part2/Machine Learning/Adversarial AI/Codes/tutorial_adversarialml-master/figures/part2/attackers/secml.png,74030,7a15a073f9825a1a32ffa130b1613e4a0253bb9eb01b4a9d1e13d9dd956c5697,out-of-scope reference-only,.local-reference-library/source-batches/Part2.zip,Adversarial-ML/teaching material is outside the current cryptography knowledge-base scope; retained only in the exact source batch.
Part2/Machine Learning/Adversarial AI/Codes/tutorial_adversarialml-master/figures/part2/attackers/wbox.png,162651,7cfa78baeecefd0051b97161eae6697e713c9967e24d0aea6caed54358b1843e,exact duplicate within Part2,Part2/Machine Learning/Adversarial AI/Codes/tutorial_adversarialml-master/figures/old_photos/attackers/wbox.png,Byte-identical to an earlier Part 2 source entry; retained once through the exact source archive.
Part2/Machine Learning/Adversarial AI/Codes/tutorial_adversarialml-master/figures/part2/tay.png,177788,8240a3c2760c4b148473b8680484ee3e6763af7b07b87b14e8c03c561c018844,out-of-scope reference-only,.local-reference-library/source-batches/Part2.zip,Adversarial-ML/teaching material is outside the current cryptography knowledge-base scope; retained only in the exact source batch.
Part2/Machine Learning/Adversarial AI/Codes/tutorial_adversarialml-master/figures/part2/tay2.png,19635,76848e70bb3ac9ff619271b503f66049661782a0dc76c3423b40825cae107eaf,out-of-scope reference-only,.local-reference-library/source-batches/Part2.zip,Adversarial-ML/teaching material is outside the current cryptography knowledge-base scope; retained only in the exact source batch.
Part2/Machine Learning/Adversarial AI/Codes/tutorial_adversarialml-master/figures/part3/adv.jpg,67135,09cb328683e4709a224341f8b19fd3aaaa75cb85848c67c0b85e7ed954ba3edb,out-of-scope reference-only,.local-reference-library/source-batches/Part2.zip,Adversarial-ML/teaching material is outside the current cryptography knowledge-base scope; retained only in the exact source batch.
Part2/Machine Learning/Adversarial AI/Codes/tutorial_adversarialml-master/figures/part3/adversarial_decision_boundary_2.pdf,10955,950e0fa52425e84b697bfd21f0d0bb9be08d6dd3e40417fe9a0d3d6eaa3df484,out-of-scope reference-only,.local-reference-library/source-batches/Part2.zip,Adversarial-ML/teaching material is outside the current cryptography knowledge-base scope; retained only in the exact source batch.
Part2/Machine Learning/Adversarial AI/Codes/tutorial_adversarialml-master/figures/part3/adversarial_decision_boundary_2.png,32580,f8a6d2dfd3f98c67a0cd1657bbf103e4639c482531e4f3bb13787dc8580a52bc,out-of-scope reference-only,.local-reference-library/source-batches/Part2.zip,Adversarial-ML/teaching material is outside the current cryptography knowledge-base scope; retained only in the exact source batch.
Part2/Machine Learning/Adversarial AI/Codes/tutorial_adversarialml-master/figures/part3/adversarial_decision_boundary_3.png,28061,03836b010d560c91849f797749553c3e72293219325a2b5ce6b017bbdf862a1d,out-of-scope reference-only,.local-reference-library/source-batches/Part2.zip,Adversarial-ML/teaching material is outside the current cryptography knowledge-base scope; retained only in the exact source batch.
Part2/Machine Learning/Adversarial AI/Codes/tutorial_adversarialml-master/figures/part3/adv_ex_text.png,98480,d95705e583c58d746d80911369b53bc98a0a6af7bcbe7daf6eee03b71a8157eb,out-of-scope reference-only,.local-reference-library/source-batches/Part2.zip,Adversarial-ML/teaching material is outside the current cryptography knowledge-base scope; retained only in the exact source batch.
Part2/Machine Learning/Adversarial AI/Codes/tutorial_adversarialml-master/figures/part3/adv_geometric.pdf,342590,9466f83ebc925adb5163e7b37451326c0d43190c3acc05672501220bd07e113e,out-of-scope reference-only,.local-reference-library/source-batches/Part2.zip,Adversarial-ML/teaching material is outside the current cryptography knowledge-base scope; retained only in the exact source batch.
Part2/Machine Learning/Adversarial AI/Codes/tutorial_adversarialml-master/figures/part3/adv_geometric.png,131321,2f96b81a72e2ffede2ea2f4c057c1c69f9d6531459e671389f2996a34adf0db9,out-of-scope reference-only,.local-reference-library/source-batches/Part2.zip,Adversarial-ML/teaching material is outside the current cryptography knowledge-base scope; retained only in the exact source batch.
Part2/Machine Learning/Adversarial AI/Codes/tutorial_adversarialml-master/figures/part3/adv_glasses.png,199018,54f38d7728579c89a6dd634f5cfb21e1ffbe3ea1e81f8d9cee092b736930c503,out-of-scope reference-only,.local-reference-library/source-batches/Part2.zip,Adversarial-ML/teaching material is outside the current cryptography knowledge-base scope; retained only in the exact source batch.
Part2/Machine Learning/Adversarial AI/Codes/tutorial_adversarialml-master/figures/part3/adv_noise.png,383239,9f6cb7110a332b86520e3f0f661e22f58d94d51ef807ec329a7bbb7eca6e2d7a,out-of-scope reference-only,.local-reference-library/source-batches/Part2.zip,Adversarial-ML/teaching material is outside the current cryptography knowledge-base scope; retained only in the exact source batch.
Part2/Machine Learning/Adversarial AI/Codes/tutorial_adversarialml-master/figures/part3/attack-ex-3.png,280139,189e68889047f8978989af17650f65d18da13ff760c9b449c476eef012214133,out-of-scope reference-only,.local-reference-library/source-batches/Part2.zip,Adversarial-ML/teaching material is outside the current cryptography knowledge-base scope; retained only in the exact source batch.
Part2/Machine Learning/Adversarial AI/Codes/tutorial_adversarialml-master/figures/part3/attack_ex.png,1102008,8d189236d80f0930611d9bef320f083a072a96039e3c2a75c0ff9992bdc934b0,out-of-scope reference-only,.local-reference-library/source-batches/Part2.zip,Adversarial-ML/teaching material is outside the current cryptography knowledge-base scope; retained only in the exact source batch.
Part2/Machine Learning/Adversarial AI/Codes/tutorial_adversarialml-master/figures/part3/canvas_fool.pdf,250983,0ab4e371210f4767bc615661681e5f2b3c477132781c8f7d30bc761d36ca2724,out-of-scope reference-only,.local-reference-library/source-batches/Part2.zip,Adversarial-ML/teaching material is outside the current cryptography knowledge-base scope; retained only in the exact source batch.
Part2/Machine Learning/Adversarial AI/Codes/tutorial_adversarialml-master/figures/part3/decision_1.png,18866,e05b38937cb5978bcefc41c17b6798951aa1a2795975f1b41d5ca454c8012b2a,out-of-scope reference-only,.local-reference-library/source-batches/Part2.zip,Adversarial-ML/teaching material is outside the current cryptography knowledge-base scope; retained only in the exact source batch.
Part2/Machine Learning/Adversarial AI/Codes/tutorial_adversarialml-master/figures/part3/decision_2.jpg,72105,137220a2a38c9f2d8a0c265fdc418e8a1bddaddbd7c5c8e43c377a11f8e377f4,out-of-scope reference-only,.local-reference-library/source-batches/Part2.zip,Adversarial-ML/teaching material is outside the current cryptography knowledge-base scope; retained only in the exact source batch.
Part2/Machine Learning/Adversarial AI/Codes/tutorial_adversarialml-master/figures/part3/deepfool_1.png,24508,a6647c7ec3b2257606785273b5501d60050c29ab628592ba9f4590dae64842e7,out-of-scope reference-only,.local-reference-library/source-batches/Part2.zip,Adversarial-ML/teaching material is outside the current cryptography knowledge-base scope; retained only in the exact source batch.
Part2/Machine Learning/Adversarial AI/Codes/tutorial_adversarialml-master/figures/part3/deepfool_2.png,31070,5b7fdd3de25b2cab658bbe767911de2afd3f0d8abc79d13a10c0d3f06b2edba4,out-of-scope reference-only,.local-reference-library/source-batches/Part2.zip,Adversarial-ML/teaching material is outside the current cryptography knowledge-base scope; retained only in the exact source batch.
Part2/Machine Learning/Adversarial AI/Codes/tutorial_adversarialml-master/figures/part3/gaas.eps,3165309,4349e56c8c81006838cb0711d0dd5bd0a111f045136e72a46004f779744f651f,out-of-scope reference-only,.local-reference-library/source-batches/Part2.zip,Adversarial-ML/teaching material is outside the current cryptography knowledge-base scope; retained only in the exact source batch.
Part2/Machine Learning/Adversarial AI/Codes/tutorial_adversarialml-master/figures/part3/gaas.pdf,100008,0dc34b540aa0bca5355d92d41e02f995dffa400cea1fd3896d1c002131d21bdb,out-of-scope reference-only,.local-reference-library/source-batches/Part2.zip,Adversarial-ML/teaching material is outside the current cryptography knowledge-base scope; retained only in the exact source batch.
Part2/Machine Learning/Adversarial AI/Codes/tutorial_adversarialml-master/figures/part3/gaas.png,250839,3854806f71235a695cea62b7fee438ffa086fdef1fe54362569cfd9fa0b4dacf,out-of-scope reference-only,.local-reference-library/source-batches/Part2.zip,Adversarial-ML/teaching material is outside the current cryptography knowledge-base scope; retained only in the exact source batch.
Part2/Machine Learning/Adversarial AI/Codes/tutorial_adversarialml-master/figures/part3/gan_adv_1.png,207219,3ba0d4ecc1d2a11e4f3eb5e564a18963a15b6b3b76a3bed661c793db714a4f35,out-of-scope reference-only,.local-reference-library/source-batches/Part2.zip,Adversarial-ML/teaching material is outside the current cryptography knowledge-base scope; retained only in the exact source batch.
Part2/Machine Learning/Adversarial AI/Codes/tutorial_adversarialml-master/figures/part3/gan_adv_2.png,154451,51d7374dc660a074e94e42bc78c02c335e75c170d2c73fdd1e15a4dd34171055,out-of-scope reference-only,.local-reference-library/source-batches/Part2.zip,Adversarial-ML/teaching material is outside the current cryptography knowledge-base scope; retained only in the exact source batch.
Part2/Machine Learning/Adversarial AI/Codes/tutorial_adversarialml-master/figures/part3/norm-ball.png,10299,bdccee6d0549c957599d45971cce259e490ac5e53920dc7cb2111eaae85008a9,out-of-scope reference-only,.local-reference-library/source-batches/Part2.zip,Adversarial-ML/teaching material is outside the current cryptography knowledge-base scope; retained only in the exact source batch.
Part2/Machine Learning/Adversarial AI/Codes/tutorial_adversarialml-master/figures/part3/normball.png,12273,2d283265bd220ead98d7fd3e005f5b81c5260151513484e499592447444e4660,out-of-scope reference-only,.local-reference-library/source-batches/Part2.zip,Adversarial-ML/teaching material is outside the current cryptography knowledge-base scope; retained only in the exact source batch.
Part2/Machine Learning/Adversarial AI/Codes/tutorial_adversarialml-master/figures/part3/pockets.png,12928,4f0a261d54967e995a94ba0e26e3e8791439569303a8cfd53af710953a9fc262,out-of-scope reference-only,.local-reference-library/source-batches/Part2.zip,Adversarial-ML/teaching material is outside the current cryptography knowledge-base scope; retained only in the exact source batch.
Part2/Machine Learning/Adversarial AI/Codes/tutorial_adversarialml-master/figures/part3/robustness.pdf,43204,41ecbb4c3f69d4837fcd423c38f89cb9f31251bad312a78e66d197fa38fdce28,out-of-scope reference-only,.local-reference-library/source-batches/Part2.zip,Adversarial-ML/teaching material is outside the current cryptography knowledge-base scope; retained only in the exact source batch.
Part2/Machine Learning/Adversarial AI/Codes/tutorial_adversarialml-master/figures/part3/small_fool3.pdf,15361,d5faf9aa8e4cb3ede5308c7e1461ee8636b9d84f83fdb2f8ba43f3e7c12084d2,out-of-scope reference-only,.local-reference-library/source-batches/Part2.zip,Adversarial-ML/teaching material is outside the current cryptography knowledge-base scope; retained only in the exact source batch.
Part2/Machine Learning/Adversarial AI/Codes/tutorial_adversarialml-master/figures/part3/small_fool4.pdf,15067,4775f6b93aae9c36c43d0f0f7cf78ecd347568157737698967b016fecd26ce40,out-of-scope reference-only,.local-reference-library/source-batches/Part2.zip,Adversarial-ML/teaching material is outside the current cryptography knowledge-base scope; retained only in the exact source batch.
Part2/Machine Learning/Adversarial AI/Codes/tutorial_adversarialml-master/figures/part3/transferability.png,181564,93890910822e0d6488654ed7a85709a63fd31a94737bf1a877a6742ff44c389c,out-of-scope reference-only,.local-reference-library/source-batches/Part2.zip,Adversarial-ML/teaching material is outside the current cryptography knowledge-base scope; retained only in the exact source batch.
Part2/Machine Learning/Adversarial AI/Codes/tutorial_adversarialml-master/figures/part3/transfer_ITERFGSM_eps_03.pdf,145536,336f311bdaf4272faaaa8388f4f58c0d4537af4f807dd7031b7ba8767a595e5e,out-of-scope reference-only,.local-reference-library/source-batches/Part2.zip,Adversarial-ML/teaching material is outside the current cryptography knowledge-base scope; retained only in the exact source batch.
Part2/Machine Learning/Adversarial AI/Codes/tutorial_adversarialml-master/figures/part3/transfer_ITERFGSM_eps_03.png,4309882,573f5ca7e723054c0d77c0fca1c2356ad12f69178316e4909870f82fba1f227a,out-of-scope reference-only,.local-reference-library/source-batches/Part2.zip,Adversarial-ML/teaching material is outside the current cryptography knowledge-base scope; retained only in the exact source batch.
Part2/Machine Learning/Adversarial AI/Codes/tutorial_adversarialml-master/figures/part3/universal.png,237591,ce5055eefae50e97131ea31850382b6da915b245761011db1a1b651530f001bc,out-of-scope reference-only,.local-reference-library/source-batches/Part2.zip,Adversarial-ML/teaching material is outside the current cryptography knowledge-base scope; retained only in the exact source batch.
Part2/Machine Learning/Adversarial AI/Codes/tutorial_adversarialml-master/figures/part3/universal_2.png,43530,2c95665e0bd174c5880fdb88c7240aa625c84b0e4616a8b9fc11f839683402e3,out-of-scope reference-only,.local-reference-library/source-batches/Part2.zip,Adversarial-ML/teaching material is outside the current cryptography knowledge-base scope; retained only in the exact source batch.
Part2/Machine Learning/Adversarial AI/Codes/tutorial_adversarialml-master/figures/part3/what_1.png,1630864,bf5fe7a47aae56bdafc8c78e0df133b33f765a641b93c632d0cdde6178c87331,out-of-scope reference-only,.local-reference-library/source-batches/Part2.zip,Adversarial-ML/teaching material is outside the current cryptography knowledge-base scope; retained only in the exact source batch.
Part2/Machine Learning/Adversarial AI/Codes/tutorial_adversarialml-master/figures/part3/what_2.png,696780,f322e78d3679a7bdf424692b8b04bdf7c23fe268c44445a6afadaf0e41d98860,out-of-scope reference-only,.local-reference-library/source-batches/Part2.zip,Adversarial-ML/teaching material is outside the current cryptography knowledge-base scope; retained only in the exact source batch.
Part2/Machine Learning/Adversarial AI/Codes/tutorial_adversarialml-master/hello.png,2762,fc98f86ef34ef0d4dc66354cf21de1a59cd5ecf25be4b6e2d20c069a3b0d894f,out-of-scope reference-only,.local-reference-library/source-batches/Part2.zip,Adversarial-ML/teaching material is outside the current cryptography knowledge-base scope; retained only in the exact source batch.
Part2/Machine Learning/Adversarial AI/Codes/tutorial_adversarialml-master/LICENSE,1072,bef6629d40290f32ceaec25436e953034f2ba0b74d65cc1a27b4b6b8feb88321,out-of-scope reference-only,.local-reference-library/source-batches/Part2.zip,Adversarial-ML/teaching material is outside the current cryptography knowledge-base scope; retained only in the exact source batch.
Part2/Machine Learning/Adversarial AI/Codes/tutorial_adversarialml-master/README.MD,1816,5d0177baa82b7ba2fd6ebf9dcdd101b8d93fafd109c96656285c6133e1fde6d4,out-of-scope reference-only,.local-reference-library/source-batches/Part2.zip,Adversarial-ML/teaching material is outside the current cryptography knowledge-base scope; retained only in the exact source batch.
Part2/Machine Learning/Adversarial AI/Codes/tutorial_adversarialml-master/requirements.txt,229,bd1f1995b2badae089f6641c9098f2909987f245c4c5297953bc34b6a9fc7056,out-of-scope reference-only,.local-reference-library/source-batches/Part2.zip,Adversarial-ML/teaching material is outside the current cryptography knowledge-base scope; retained only in the exact source batch.
Part2/Machine Learning/Adversarial AI/Codes/tutorial_adversarialml-master/rise.css,4253,ade4866a3367364ac56dfb702628b3ccea25af12bff531a8d166630aa1adc18b,out-of-scope reference-only,.local-reference-library/source-batches/Part2.zip,Adversarial-ML/teaching material is outside the current cryptography knowledge-base scope; retained only in the exact source batch.
Part2/Machine Learning/Adversarial AI/Codes/tutorial_adversarialml-master/support_code/mnist.py,2830,263aa8325c013b748ca4f6f8e64cbce69519df8ae58afc048943eca4aae02ee1,out-of-scope reference-only,.local-reference-library/source-batches/Part2.zip,Adversarial-ML/teaching material is outside the current cryptography knowledge-base scope; retained only in the exact source batch.
Part2/Machine Learning/Adversarial AI/Codes/tutorial_adversarialml-master/support_code/mnist_fgsm.py,4681,0962cb3ba3050ab889f34b15c4e333088913bf891cc20901b88c6ee69b1c8f84,out-of-scope reference-only,.local-reference-library/source-batches/Part2.zip,Adversarial-ML/teaching material is outside the current cryptography knowledge-base scope; retained only in the exact source batch.
Part2/Machine Learning/Adversarial AI/Codes/tutorial_adversarialml-master/support_code/mnist_pgd.py,4462,96baa915deb880747b2141385000baa673758b2a31739560d2cce978d7504210,out-of-scope reference-only,.local-reference-library/source-batches/Part2.zip,Adversarial-ML/teaching material is outside the current cryptography knowledge-base scope; retained only in the exact source batch.
Part2/Machine Learning/Adversarial AI/Codes/tutorial_adversarialml-master/support_code/util.py,1504,d06a68bb5854847edd3c6eb32d59f982a00dc82cc9087fe6ec2bf5d2f8fe8fed,out-of-scope reference-only,.local-reference-library/source-batches/Part2.zip,Adversarial-ML/teaching material is outside the current cryptography knowledge-base scope; retained only in the exact source batch.
Part2/Machine Learning/Adversarial AI/Codes/tutorial_adversarialml-master/support_code/__init__.py,0,e3b0c44298fc1c149afbf4c8996fb92427ae41e4649b934ca495991b7852b855,exact duplicate within Part2,Part2/DKG python/bip-frost-dkg-master/python/secp256k1lab/src/secp256k1lab/py.typed,Byte-identical to an earlier Part 2 source entry; retained once through the exact source archive.
Part2/Machine Learning/Adversarial AI/data/MNIST/raw/t10k-images-idx3-ubyte,7840016,0fa7898d509279e482958e8ce81c8e77db3f2f8254e26661ceb7762c4d494ce7,out-of-scope reference-only,.local-reference-library/source-batches/Part2.zip,Adversarial-ML/teaching material is outside the current cryptography knowledge-base scope; retained only in the exact source batch.
Part2/Machine Learning/Adversarial AI/data/MNIST/raw/t10k-images-idx3-ubyte.gz,1648877,8d422c7b0a1c1c79245a5bcf07fe86e33eeafee792b84584aec276f5a2dbc4e6,out-of-scope reference-only,.local-reference-library/source-batches/Part2.zip,Adversarial-ML/teaching material is outside the current cryptography knowledge-base scope; retained only in the exact source batch.
Part2/Machine Learning/Adversarial AI/data/MNIST/raw/t10k-labels-idx1-ubyte,10008,ff7bcfd416de33731a308c3f266cc351222c34898ecbeaf847f06e48f7ec33f2,out-of-scope reference-only,.local-reference-library/source-batches/Part2.zip,Adversarial-ML/teaching material is outside the current cryptography knowledge-base scope; retained only in the exact source batch.
Part2/Machine Learning/Adversarial AI/data/MNIST/raw/t10k-labels-idx1-ubyte.gz,4542,f7ae60f92e00ec6debd23a6088c31dbd2371eca3ffa0defaefb259924204aec6,out-of-scope reference-only,.local-reference-library/source-batches/Part2.zip,Adversarial-ML/teaching material is outside the current cryptography knowledge-base scope; retained only in the exact source batch.
Part2/Machine Learning/Adversarial AI/data/MNIST/raw/train-images-idx3-ubyte,47040016,ba891046e6505d7aadcbbe25680a0738ad16aec93bde7f9b65e87a2fc25776db,out-of-scope reference-only,.local-reference-library/source-batches/Part2.zip,Adversarial-ML/teaching material is outside the current cryptography knowledge-base scope; retained only in the exact source batch.
Part2/Machine Learning/Adversarial AI/data/MNIST/raw/train-images-idx3-ubyte.gz,9912422,440fcabf73cc546fa21475e81ea370265605f56be210a4024d2ca8f203523609,out-of-scope reference-only,.local-reference-library/source-batches/Part2.zip,Adversarial-ML/teaching material is outside the current cryptography knowledge-base scope; retained only in the exact source batch.
Part2/Machine Learning/Adversarial AI/data/MNIST/raw/train-labels-idx1-ubyte,60008,65a50cbbf4e906d70832878ad85ccda5333a97f0f4c3dd2ef09a8a9eef7101c5,out-of-scope reference-only,.local-reference-library/source-batches/Part2.zip,Adversarial-ML/teaching material is outside the current cryptography knowledge-base scope; retained only in the exact source batch.
Part2/Machine Learning/Adversarial AI/data/MNIST/raw/train-labels-idx1-ubyte.gz,28881,3552534a0a558bbed6aed32b30c495cca23d567ec52cac8be1a0730e8010255c,out-of-scope reference-only,.local-reference-library/source-batches/Part2.zip,Adversarial-ML/teaching material is outside the current cryptography knowledge-base scope; retained only in the exact source batch.
Part2/Machine Learning/python-machine-learning-book-3rd-edition-master.zip,157718619,479fc394a0a012ea7a9e936e7d83c442e3df892ffc55d2526ab7f5d3aed64a58,out-of-scope reference-only,.local-reference-library/source-batches/Part2.zip,Adversarial-ML/teaching material is outside the current cryptography knowledge-base scope; retained only in the exact source batch.
Part2/Oblivious Transfer/EGLOT.sage,3770,174de702dd7ead4a2d16857872b76b3b6b3be1f95b1b3688bc3f364290ecb89d,integrated/reworked,src/content/blog/one-out-of-two-ot-trapdoor-permutations.md,Recovered 1-out-of-2 OT material cleaned and represented by a small validated educational implementation.
Part2/Oblivious Transfer/EGLOT1outof2.md,4174,d84810599f684743844ebeae3500b2b08a41daa55b2a92a108e60e187a318c89,integrated/reworked,src/content/blog/one-out-of-two-ot-trapdoor-permutations.md,Recovered 1-out-of-2 OT material cleaned and represented by a small validated educational implementation.
Part2/Oblivious Transfer/Naor–Pinkas scheme/alice_dec.json,466,6ea7257df3b2f74c497deb5b3603b5b7fe2a3193b54e3ee1880f2092a0420a63,mislabeled source retained only,.local-reference-library/source-batches/Part2.zip,"Recovered code/transcripts do not faithfully identify the standard Naor–Pinkas construction; retained for provenance, not canonicalized."
Part2/Oblivious Transfer/Naor–Pinkas scheme/alice_setup.json,412,9f57a8670cae2d76ca6726fe83cc50bb69c5317df5feedc2570105e63c0c3b0c,mislabeled source retained only,.local-reference-library/source-batches/Part2.zip,"Recovered code/transcripts do not faithfully identify the standard Naor–Pinkas construction; retained for provenance, not canonicalized."
Part2/Oblivious Transfer/Naor–Pinkas scheme/bob_setup.json,315,4db2ebd20c519ca6d1ff8da208ee00c70dda81afe1a1eaec78097905a6755028,mislabeled source retained only,.local-reference-library/source-batches/Part2.zip,"Recovered code/transcripts do not faithfully identify the standard Naor–Pinkas construction; retained for provenance, not canonicalized."
Part2/Oblivious Transfer/Naor–Pinkas scheme/helpers.py,4328,f5aee4938e4c098247d2f75352bef8475002c35882e3a3bf3127fea96ed7f972,mislabeled source retained only,.local-reference-library/source-batches/Part2.zip,"Recovered code/transcripts do not faithfully identify the standard Naor–Pinkas construction; retained for provenance, not canonicalized."
Part2/Oblivious Transfer/Naor–Pinkas scheme/Naor-Pinkas OT.md,3825,af053eab3dd3d268847ea8744ccd2c0a7751d97b11f4b5a808a7b616e56bd6d1,integrated/reworked,src/content/blog/modern-oblivious-transfer-extensions.md,"Label/context mined for modern-OT discussion, but the recovered code was not accepted as a faithful Naor–Pinkas implementation."
Part2/Oblivious Transfer/Naor–Pinkas scheme/ot.py,5707,fbe151edb5bf0ec1ec7ba1f228f25b4c486173e0194f12378750e0e1562f60ce,mislabeled source retained only,.local-reference-library/source-batches/Part2.zip,"Recovered code/transcripts do not faithfully identify the standard Naor–Pinkas construction; retained for provenance, not canonicalized."
Part2/Oblivious Transfer/RabinOT.md,7645,1163179b11e4f2a7ea1ef2308c6e4479b86bbb6c33610ed81223ab196eb4eb75,integrated/reworked,src/content/blog/rabin-oblivious-transfer.md,Rabin OT source rewritten into a precise article/toy check with factoring and probability assumptions stated explicitly.
Part2/Oblivious Transfer/RabinOT.sage,3980,0ce8d9115dfa95f14c51e0f717c71ed24a2244ce68d3411378c883244e918021,integrated/reworked,src/content/blog/rabin-oblivious-transfer.md,Rabin OT source rewritten into a precise article/toy check with factoring and probability assumptions stated explicitly.
Part2/Oblivious Transfer/README.md,1058,3248e23595884a03f36b76d7a93e415cdaa53cb5affc44870d0876ff18451433,superseded by stronger canonical work,src/content/blog/modern-oblivious-transfer-extensions.md,Legacy OT README is superseded by the cleaned ordered OT path.
