source_path,size_bytes,sha256,disposition,canonical_target,reason
Threshold Python/FROST/poc.sage,8459,bc697f2709e1a209e124ccc50ca96a28c6a1ddfc710f524ca5db41bffb061fe3,Superseded by canonical work,src/content/blog/frost-rfc9591-protocol.md,Earlier FROST proof-of-concept is superseded by the validated RFC 9591/FROST v0.5 path already in CryptoCave.
Threshold Python/FROST/poc.sage.py,10040,fee41834d4f683f8115fc03b39f1aa456622183b9f36165712378c358eee8880,Superseded by canonical work,src/content/blog/frost-rfc9591-protocol.md,Earlier FROST proof-of-concept is superseded by the validated RFC 9591/FROST v0.5 path already in CryptoCave.
Threshold Python/Garbled Circuits/DiceCTF 2021 - garbled _ joseph's blog.pdf,356062,cff2e5b8081a86c05bb4bef2ff6e277cdda54735c2239cd79e873be78e1ead0b,Excluded reference / separate scope,—,Garbled-circuit reference/archive belongs to a future MPC batch and bulky PDF/raw archives are excluded from compact masters.
Threshold Python/Garbled Circuits/Garbled circuit - HackMD.pdf,1186072,d3d1ac8bb1c724d4c4881faa56fa464b5818ee882fb03b79b8836af8d1cf10a4,Excluded reference / separate scope,—,Garbled-circuit reference/archive belongs to a future MPC batch and bulky PDF/raw archives are excluded from compact masters.
Threshold Python/Garbled Circuits/garbled.py,3222,3c5ea677e23c259cf1de33906e2887117dd90e48909e917d5c1a77fbb84faf4e,Reference-only / separate scope,—,"Garbled-circuit teaching code is MPC material, not part of this threshold-signature consolidation."
Threshold Python/Garbled Circuits/mpc-from-scratch-master/mpc-from-scratch-master/.gitignore,38,5fd76960eb305bade1e32a3682e6fe3de30deec641776ac78d2ddfe03a6d4e8d,Reference-only / separate scope,—,"Garbled-circuit teaching code is MPC material, not part of this threshold-signature consolidation."
Threshold Python/Garbled Circuits/mpc-from-scratch-master/mpc-from-scratch-master/circuit.v,328,a1a1ac77de29ccfb5444f896c29075afe01dbea1d10fd7a738b320fb0f9f319b,Reference-only / separate scope,—,"Garbled-circuit teaching code is MPC material, not part of this threshold-signature consolidation."
Threshold Python/Garbled Circuits/mpc-from-scratch-master/mpc-from-scratch-master/mpc.py,15788,6c559d425fe1ad9448777782785eb5f3bc77c32a28f641fe53c69d59f887e400,Reference-only / separate scope,—,"Garbled-circuit teaching code is MPC material, not part of this threshold-signature consolidation."
Threshold Python/Garbled Circuits/mpc-from-scratch-master/mpc-from-scratch-master/out.v,5085,556ab39d0a5ef62300bb724ff490d108e0bf89339377f7b4b71c957849335c6f,Reference-only / separate scope,—,"Garbled-circuit teaching code is MPC material, not part of this threshold-signature consolidation."
Threshold Python/Garbled Circuits/mpc-from-scratch-master/mpc-from-scratch-master/primes.txt,1250881,78054f1684fb2a0081e89dab0bd7e473ab683c1cb35a0af1ab7425eda9937bb1,Reference-only / separate scope,—,"Garbled-circuit teaching code is MPC material, not part of this threshold-signature consolidation."
Threshold Python/Garbled Circuits/mpc-from-scratch-master/mpc-from-scratch-master/README.md,544,f0b2ca1bc6c3d970db80645df7c20a38264942f6c2bcc3aae8c34bb7bba41d8a,Reference-only / separate scope,—,"Garbled-circuit teaching code is MPC material, not part of this threshold-signature consolidation."
Threshold Python/Garbled Circuits/mpc-from-scratch-master/mpc-from-scratch-master/requirements.txt,13,8726412e6b507a83e1d93fe53c30ee9fb5dc3e04f82299cc0e8e7bd5d836edd8,Reference-only / separate scope,—,"Garbled-circuit teaching code is MPC material, not part of this threshold-signature consolidation."
Threshold Python/Garbled Circuits/mpc-from-scratch-master/mpc-from-scratch-master/sieve.py,405,10bf205df5b4f9e5a87f1b5a3a1d99205c8b17fcaa02a1476ac671ba72532e95,Reference-only / separate scope,—,"Garbled-circuit teaching code is MPC material, not part of this threshold-signature consolidation."
Threshold Python/Garbled Circuits/mpc-from-scratch-master/mpc-from-scratch-master/yosys-script.txt,138,39f7a045f3e73b9194d61376e05835a5ea065dddcd9368b63903e14d5f48f432,Reference-only / separate scope,—,"Garbled-circuit teaching code is MPC material, not part of this threshold-signature consolidation."
Threshold Python/Garbled Circuits/mpc-from-scratch-master.zip,8102,16322309b083cb3383074ada9392b667e35be4f2ed9d4a42c735d6661c022239,Excluded reference / separate scope,—,Garbled-circuit reference/archive belongs to a future MPC batch and bulky PDF/raw archives are excluded from compact masters.
Threshold Python/Garbled Circuits/pygarble-master.zip,9054376,51e90d83b8b76147e750677ef6626332ea13bd39f5f9de9528ab2c69acd613ab,Excluded reference / separate scope,—,Garbled-circuit reference/archive belongs to a future MPC batch and bulky PDF/raw archives are excluded from compact masters.
Threshold Python/Material/US-23-Nguyen-TSSHOCK-Breaking-MPC-Wallets-wp.pdf,435015,a892cbbc863dccd205d3e9476b3ce6236d00efa4c701edba9e7c7360a3d3a7b6,Excluded PDF reference,—,TSSHOCK papers are useful security references but PDFs are excluded from compact canonical masters.
Threshold Python/Material/US-23-Nguyen-TSSHOCK-Breaking-MPC-Wallets.pdf,1250121,8238343612f3a7aeaba2fb13247d1059c7fc83b97958fc3a0c8d12da3526656b,Excluded PDF reference,—,TSSHOCK papers are useful security references but PDFs are excluded from compact canonical masters.
Threshold Python/ring-signatures/ring.py,2936,1fac23b108b7e15497cfd531fb87df0e6a59b142fc1543e904bde662a69cec2e,Reference-only / separate scope,—,"Ring signatures are a separate digital-signature/anonymity topic, not threshold-signature engineering."
Threshold Python/tECDSA/tECDSA.py,4900,d40f9b3a4bb63ea99d74f9ec840a19492188a705be49f8cdbf3cb8422ebd6745,Integrated / reworked,src/content/blog/threshold-ecdsa-nonlinearity-preprocessing.md,Used as the explicit anti-example showing why independently signing with Shamir key shares is not threshold ECDSA.
Threshold Python/threshold-rsa-master/threshold-rsa-master/.gitignore,5,c7586350e75d4f16db42e8153d8746d41cda77d63964836a50549b47bb98a841,Reference-only / separate scope,—,Rough threshold-RSA teaching repository is distinct from the TinySig/threshold-ECDSA task and is not promoted in this batch.
Threshold Python/threshold-rsa-master/threshold-rsa-master/helpers.py,5855,0037278b6f188802ff2b7b2ce26c3e4cdcf37842b79b1ff35b82bfe52c897112,Reference-only / separate scope,—,Rough threshold-RSA teaching repository is distinct from the TinySig/threshold-ECDSA task and is not promoted in this batch.
Threshold Python/threshold-rsa-master/threshold-rsa-master/picklePrimesSmall.pkl,1049158,3bb8e7984f5b8e9e7b9a0235c1e9866ba8df72a72028d4a747a9c0cb3cf25017,Reference-only / separate scope,—,Rough threshold-RSA teaching repository is distinct from the TinySig/threshold-ECDSA task and is not promoted in this batch.
Threshold Python/threshold-rsa-master/threshold-rsa-master/primes_up_to_1000000.txt,538467,28101cf8d77d7d6a2c4ef527c749bd882acb96b4d87a7551ce847d1bd5d906d1,Reference-only / separate scope,—,Rough threshold-RSA teaching repository is distinct from the TinySig/threshold-ECDSA task and is not promoted in this batch.
Threshold Python/threshold-rsa-master/threshold-rsa-master/README.md,36,462cea538ccb62f5b5d7639e5f48937a8e3d6c5871714f3af57ce578a807edb4,Reference-only / separate scope,—,Rough threshold-RSA teaching repository is distinct from the TinySig/threshold-ECDSA task and is not promoted in this batch.
Threshold Python/threshold-rsa-master/threshold-rsa-master/testIssue.py,1028,5641ef8f6d278750bb37f461d707ec21a4158f5e8717471e32d6f6a0a6de2392,Reference-only / separate scope,—,Rough threshold-RSA teaching repository is distinct from the TinySig/threshold-ECDSA task and is not promoted in this batch.
Threshold Python/threshold-rsa-master/threshold-rsa-master/tests.py,8697,69896243905574790c0d4d3b4b4fa9aa2e89436569331a548d0c0e9099f934d6,Reference-only / separate scope,—,Rough threshold-RSA teaching repository is distinct from the TinySig/threshold-ECDSA task and is not promoted in this batch.
Threshold Python/threshold-rsa-master/threshold-rsa-master/thresholdRSA.py,8736,fa365ddf9670e1ce7956db8f4ab0d2a98e966be195ee6495e197a66e7806a74a,Reference-only / separate scope,—,Rough threshold-RSA teaching repository is distinct from the TinySig/threshold-ECDSA task and is not promoted in this batch.
Threshold Python/threshold-rsa-master/threshold-rsa-master/thresholdRSA2.py,9487,fc0654ff7b517d75a142ee9a99dc877571f3ba9065f4c36926e04f1b146dc190,Reference-only / separate scope,—,Rough threshold-RSA teaching repository is distinct from the TinySig/threshold-ECDSA task and is not promoted in this batch.
Threshold Python/threshold-signatures-master.zip,1300102,971cf69ae0a217c2c91bdd8c70f062f49ff0c69243ac3512c2e7a658fc7fd091,Excluded raw archive / reference,—,Nested third-party Rust threshold-ECDSA archive is retained only by source provenance; raw ZIPs are excluded from compact masters.
Threshold Python/tinysig-main/testing/runme.py,832,3348c38739b14e71320e01962f5a9c5456c022608894e5379cc45375d60556df,Integrated / reworked,experiments/threshold-cryptography/tinysig-analysis/runme_clean.py,Recovered public-API attempt; replaced by a clean isolated-environment runner and documented in the TinySig deep dive.
Threshold Python/tinysig-main/tinysig-main/.git/COMMIT_EDITMSG,11,d1842c37751bdb583f39af8a08670b0ef57ab7ce7ef6c578f704922e34eedda6,Discarded repository metadata,—,Embedded Git object/hook/log metadata is not canonical content.
Threshold Python/tinysig-main/tinysig-main/.git/config,346,ebfeadc264dc59334d01aa0071c0ce3d1c69ec8542c283ae0d3434f04d57cb8d,Discarded repository metadata,—,Embedded Git object/hook/log metadata is not canonical content.
Threshold Python/tinysig-main/tinysig-main/.git/description,73,85ab6c163d43a17ea9cf7788308bca1466f1b0a8d1cc92e26e9bf63da4062aee,Discarded repository metadata,—,Embedded Git object/hook/log metadata is not canonical content.
Threshold Python/tinysig-main/tinysig-main/.git/FETCH_HEAD,106,c805c2150038422ee525a6aff996bb982fb08515fa1089bf497a945a97cb62b3,Discarded repository metadata,—,Embedded Git object/hook/log metadata is not canonical content.
Threshold Python/tinysig-main/tinysig-main/.git/HEAD,21,28d25bf82af4c0e2b72f50959b2beb859e3e60b9630a5e8c603dad4ddb2b6e80,Discarded repository metadata,—,Embedded Git object/hook/log metadata is not canonical content.
Threshold Python/tinysig-main/tinysig-main/.git/hooks/applypatch-msg.sample,478,0223497a0b8b033aa58a3a521b8629869386cf7ab0e2f101963d328aa62193f7,Discarded repository metadata,—,Embedded Git object/hook/log metadata is not canonical content.
Threshold Python/tinysig-main/tinysig-main/.git/hooks/commit-msg.sample,896,1f74d5e9292979b573ebd59741d46cb93ff391acdd083d340b94370753d92437,Discarded repository metadata,—,Embedded Git object/hook/log metadata is not canonical content.
Threshold Python/tinysig-main/tinysig-main/.git/hooks/fsmonitor-watchman.sample,4726,e0549964e93897b519bd8e333c037e51fff0f88ba13e086a331592bf801fa1d0,Discarded repository metadata,—,Embedded Git object/hook/log metadata is not canonical content.
Threshold Python/tinysig-main/tinysig-main/.git/hooks/post-update.sample,189,81765af2daef323061dcbc5e61fc16481cb74b3bac9ad8a174b186523586f6c5,Discarded repository metadata,—,Embedded Git object/hook/log metadata is not canonical content.
Threshold Python/tinysig-main/tinysig-main/.git/hooks/pre-applypatch.sample,424,e15c5b469ea3e0a695bea6f2c82bcf8e62821074939ddd85b77e0007ff165475,Discarded repository metadata,—,Embedded Git object/hook/log metadata is not canonical content.
Threshold Python/tinysig-main/tinysig-main/.git/hooks/pre-commit.sample,1643,f9af7d95eb1231ecf2eba9770fedfa8d4797a12b02d7240e98d568201251244a,Discarded repository metadata,—,Embedded Git object/hook/log metadata is not canonical content.
Threshold Python/tinysig-main/tinysig-main/.git/hooks/pre-merge-commit.sample,416,d3825a70337940ebbd0a5c072984e13245920cdf8898bd225c8d27a6dfc9cb53,Discarded repository metadata,—,Embedded Git object/hook/log metadata is not canonical content.
Threshold Python/tinysig-main/tinysig-main/.git/hooks/pre-push.sample,1374,ecce9c7e04d3f5dd9d8ada81753dd1d549a9634b26770042b58dda00217d086a,Discarded repository metadata,—,Embedded Git object/hook/log metadata is not canonical content.
Threshold Python/tinysig-main/tinysig-main/.git/hooks/pre-rebase.sample,4898,4febce867790052338076f4e66cc47efb14879d18097d1d61c8261859eaaa7b3,Discarded repository metadata,—,Embedded Git object/hook/log metadata is not canonical content.
Threshold Python/tinysig-main/tinysig-main/.git/hooks/pre-receive.sample,544,a4c3d2b9c7bb3fd8d1441c31bd4ee71a595d66b44fcf49ddb310252320169989,Discarded repository metadata,—,Embedded Git object/hook/log metadata is not canonical content.
Threshold Python/tinysig-main/tinysig-main/.git/hooks/prepare-commit-msg.sample,1492,e9ddcaa4189fddd25ed97fc8c789eca7b6ca16390b2392ae3276f0c8e1aa4619,Discarded repository metadata,—,Embedded Git object/hook/log metadata is not canonical content.
Threshold Python/tinysig-main/tinysig-main/.git/hooks/push-to-checkout.sample,2783,a53d0741798b287c6dd7afa64aee473f305e65d3f49463bb9d7408ec3b12bf5f,Discarded repository metadata,—,Embedded Git object/hook/log metadata is not canonical content.
Threshold Python/tinysig-main/tinysig-main/.git/hooks/update.sample,3650,8d5f2fa83e103cf08b57eaa67521df9194f45cbdbcb37da52ad586097a14d106,Discarded repository metadata,—,Embedded Git object/hook/log metadata is not canonical content.
Threshold Python/tinysig-main/tinysig-main/.git/index,6045,1c53ee18c9df0a47d48adabc3d72f1a0f45667ce4d0be964087895232c1c047a,Discarded repository metadata,—,Embedded Git object/hook/log metadata is not canonical content.
Threshold Python/tinysig-main/tinysig-main/.git/info/exclude,240,6671fe83b7a07c8932ee89164d1f2793b2318058eb8b98dc5c06ee0a5a3b0ec1,Discarded repository metadata,—,Embedded Git object/hook/log metadata is not canonical content.
Threshold Python/tinysig-main/tinysig-main/.git/logs/HEAD,707,011c01b4ed2217d332b70323662f4694f0e2ae52f6f464d5ab696dbd019efaf0,Discarded repository metadata,—,Embedded Git object/hook/log metadata is not canonical content.
Threshold Python/tinysig-main/tinysig-main/.git/logs/refs/heads/main,553,de0c50ea5ad73ebdf7f21632437fb12548f842a5c55e96373a6ff5708ab2f7c9,Discarded repository metadata,—,Embedded Git object/hook/log metadata is not canonical content.
Threshold Python/tinysig-main/tinysig-main/.git/logs/refs/remotes/origin/main,534,2b0e35c32232dc6e7ccbbcbbb2aeb8274c3206c8840989048460426f85345d50,Discarded repository metadata,—,Embedded Git object/hook/log metadata is not canonical content.
Threshold Python/tinysig-main/tinysig-main/.git/objects/00/59f71296a91f1e8b3814515f1d2d27a7d2da9f,401,e11d488770648af8055d80db4cd9e7dd1c5c816e96421bbc8f3a37079b7c481a,Discarded repository metadata,—,Embedded Git object/hook/log metadata is not canonical content.
Threshold Python/tinysig-main/tinysig-main/.git/objects/01/2fec870a6bef3087bd1c8b91075ac350b0b5dd,7499,3ea8eee1c7fd0ff78e9ecac75bbb25304350242cb44a2bbff1fd434a31b93fc9,Discarded repository metadata,—,Embedded Git object/hook/log metadata is not canonical content.
Threshold Python/tinysig-main/tinysig-main/.git/objects/06/43290ce41a90d8123c37fb1e58e26832448311,286,f9280442b8e475e1c871933a6b8c65b8e547c4627603e40f06eee64376c34cf5,Discarded repository metadata,—,Embedded Git object/hook/log metadata is not canonical content.
Threshold Python/tinysig-main/tinysig-main/.git/objects/0a/9e102677e6781a5d4e9b15e4d4e341083a5bcc,49,22064924d870adc5cca918b53fb3ca208aecbe12d4619f0bd2f76d3d914386ad,Discarded repository metadata,—,Embedded Git object/hook/log metadata is not canonical content.
Threshold Python/tinysig-main/tinysig-main/.git/objects/0d/efe6fe2084f4bad2e988f507a04c2812218fed,379,1ae0fb4f2eca68158a5280d44bd486ea31de4414809cea2188e6de16c8255aee,Discarded repository metadata,—,Embedded Git object/hook/log metadata is not canonical content.
Threshold Python/tinysig-main/tinysig-main/.git/objects/11/0796165f1f5623d47d252fe695a8c6ef5300b6,89,b36b150b79ff95d0f5aab816bc183c18fba023d5c008c5075772dc56f3da6b8f,Discarded repository metadata,—,Embedded Git object/hook/log metadata is not canonical content.
Threshold Python/tinysig-main/tinysig-main/.git/objects/14/d4e59bc65e2870cbf87d1b2fc78537bd3ad268,533,9ffe9a8152563edbda6cbaf3cc98293e5f291cfc91dd7f9f0849f9d92654d3b2,Discarded repository metadata,—,Embedded Git object/hook/log metadata is not canonical content.
Threshold Python/tinysig-main/tinysig-main/.git/objects/15/2a13f9771b9bcaade6e5eede4dc2aed946ac7a,473,5b76b4418e9e6621d38a655ef6c1cb9aeabab8b87eee01185e5064567af0b449,Discarded repository metadata,—,Embedded Git object/hook/log metadata is not canonical content.
Threshold Python/tinysig-main/tinysig-main/.git/objects/16/f8c2a8de3befc0bc8225b737bc93d7f2eab05f,126,61563e6845f612d811fc1ba9c13a75f030d10eb988efa21c696ea93c6823d17d,Discarded repository metadata,—,Embedded Git object/hook/log metadata is not canonical content.
Threshold Python/tinysig-main/tinysig-main/.git/objects/1b/e3d1862bde005228e1f75b8f64b3f1f911aa8d,81,0daca845501eebbd89a1c27da3acc53d513c4f50ab37bf28bf29bb3d47316554,Discarded repository metadata,—,Embedded Git object/hook/log metadata is not canonical content.
Threshold Python/tinysig-main/tinysig-main/.git/objects/1d/738dda46160caa7f42c989be2ab96186b1257e,26,0b52282fc13f95ed88b04c12531d2be642e7049c608614b275bca5e148f20561,Discarded repository metadata,—,Embedded Git object/hook/log metadata is not canonical content.
Threshold Python/tinysig-main/tinysig-main/.git/objects/1d/ecb6d1497cc889f8df8092c14e15d492f9f0a4,63,8db391a7720b12956c4ce21148027d0ce8c8fdcdbdfdcf0c9dc71aff1be08882,Discarded repository metadata,—,Embedded Git object/hook/log metadata is not canonical content.
Threshold Python/tinysig-main/tinysig-main/.git/objects/24/abda989651a907618ef4f7da5dd6d286bf9245,1145,124de1d9ef3184971b46f798d6ee2620ee8c26328ad84c890d2994b73c3872b0,Discarded repository metadata,—,Embedded Git object/hook/log metadata is not canonical content.
Threshold Python/tinysig-main/tinysig-main/.git/objects/25/f9635a712bd75c575873d01e93a488fa54d0b3,1237,beafa616cb2472df528bb0c5de3c65d41bff4245c04dc7fc5d2ba5092630a2db,Discarded repository metadata,—,Embedded Git object/hook/log metadata is not canonical content.
Threshold Python/tinysig-main/tinysig-main/.git/objects/26/0de4a3b0f3f4cf4969f6d48f62919171364d2d,1805,f99eeb88a155d4dc76aa2b3175caec7addd501bc67228027e43f9352a9469883,Discarded repository metadata,—,Embedded Git object/hook/log metadata is not canonical content.
Threshold Python/tinysig-main/tinysig-main/.git/objects/26/d209f5e43dadbe1d6a59531d61adcdcb2a7e57,418,f6122ed425eb4f9d9893061c7da220302d740f9a5bceb37e424f2e4aa5ace229,Discarded repository metadata,—,Embedded Git object/hook/log metadata is not canonical content.
Threshold Python/tinysig-main/tinysig-main/.git/objects/27/1f0be32e70797bb5e85a0c78e043747bb9c843,964,ee0f64349621eed00914025a844e85c43828e2efa9b834c643c2931a5995d8c4,Discarded repository metadata,—,Embedded Git object/hook/log metadata is not canonical content.
Threshold Python/tinysig-main/tinysig-main/.git/objects/2c/c5c8a3d291f72545581df2fb2f87fb7e424bed,55,ff8a0fdb95d5dc220b08890b30dfc30484fe361ffcb104f3a8eafe2dcb381863,Discarded repository metadata,—,Embedded Git object/hook/log metadata is not canonical content.
Threshold Python/tinysig-main/tinysig-main/.git/objects/2d/264b2acdb8d78ac755a70daf24e08113a71a62,153,ab5cbcb6cebf3ccc9bcf4ab7e994c6d1900c785056fe8147a7bada7b5a9956f6,Discarded repository metadata,—,Embedded Git object/hook/log metadata is not canonical content.
Threshold Python/tinysig-main/tinysig-main/.git/objects/2d/ec0698f586edf4e4e097f2b231ae0da6930671,34,84e38c40f6bb23ce2419807fd853de4f3bfa57361461199a2d87ff5febf359da,Discarded repository metadata,—,Embedded Git object/hook/log metadata is not canonical content.
Threshold Python/tinysig-main/tinysig-main/.git/objects/2f/a0673359e8f0806381a5378f37aba9d9c87254,3264,04cb549ec151630308fad65f73eb7537bffc179b90230144d37cb5c6df0a6e03,Discarded repository metadata,—,Embedded Git object/hook/log metadata is not canonical content.
Threshold Python/tinysig-main/tinysig-main/.git/objects/36/ab671609cefab0aba9358ee513234ee6de3177,2142,dcd818a5bbe820fa76c8deacefbb1e34f097995dde4b90cfc720ddc97bc52d40,Discarded repository metadata,—,Embedded Git object/hook/log metadata is not canonical content.
Threshold Python/tinysig-main/tinysig-main/.git/objects/39/427768fd1b2ac4073e9af23d963f222800ae1a,81,e87b5159524dea3666c50de03df97b1a9eb2bc81f83b531d3fe6ca2463d70939,Discarded repository metadata,—,Embedded Git object/hook/log metadata is not canonical content.
Threshold Python/tinysig-main/tinysig-main/.git/objects/3b/beafe8b6dbfb44435fe07e1ae04da8fd5530eb,368,f5d379fadab21eed6adf17598872ab7451948aec6a0a899dd41a238206999656,Discarded repository metadata,—,Embedded Git object/hook/log metadata is not canonical content.
Threshold Python/tinysig-main/tinysig-main/.git/objects/3f/6b08b32b6f572fe3afc0990b3084d185b41965,192,760b7722cd30fd22da0edbc2958f811c68a3949ba47b05353693e2ef1b246ed3,Discarded repository metadata,—,Embedded Git object/hook/log metadata is not canonical content.
Threshold Python/tinysig-main/tinysig-main/.git/objects/45/3eb51bafd7166f493dcc531e1296c6307bf7e3,211,d196d92b73bd38b2cb49800db6407bc87447f042711757a1c95524b9422191cf,Discarded repository metadata,—,Embedded Git object/hook/log metadata is not canonical content.
Threshold Python/tinysig-main/tinysig-main/.git/objects/48/e0aaafc35674091b39bfe580de6093e6de012d,164,f96763c9e4f2b9e55a6fd9c617fb7f4ec293699877d97731b8e1bf77591433a0,Discarded repository metadata,—,Embedded Git object/hook/log metadata is not canonical content.
Threshold Python/tinysig-main/tinysig-main/.git/objects/49/5cba85bd8b9f611a1c83bd08403732393b91c5,156,51741d770a1a1c8d9882457e45d3c0ce75bbb860260d2375a8d4c0e2289a5d9f,Discarded repository metadata,—,Embedded Git object/hook/log metadata is not canonical content.
Threshold Python/tinysig-main/tinysig-main/.git/objects/4a/b53c8f5e12719f3e6c83e3f2050d6ed565c0f3,2467,5613973bd1b64cbbe327ff18a6d80d01214f0d3a5fe88306571ef14c8c44fd00,Discarded repository metadata,—,Embedded Git object/hook/log metadata is not canonical content.
Threshold Python/tinysig-main/tinysig-main/.git/objects/4b/338b05cdbe561ec2ce29e0aead04c09c3d1c5b,2003,0a17711be8a020a29ead687783b4fd98d20158f0123eefd95a51eefde2da1d9e,Discarded repository metadata,—,Embedded Git object/hook/log metadata is not canonical content.
Threshold Python/tinysig-main/tinysig-main/.git/objects/4c/08b94bcc2a72893887beebe62c03c6100b580e,405,523ca69f7ce640044484d1226535ced39b39ed4e187cbb801cfeaede44aaf0c1,Discarded repository metadata,—,Embedded Git object/hook/log metadata is not canonical content.
Threshold Python/tinysig-main/tinysig-main/.git/objects/4d/7a09d8879cad20cf2f50315dd783eeab61f2d2,176,1464649462712a704ac881fa1cba318f3c53aa51bef7fc091c342af268ccf9b3,Discarded repository metadata,—,Embedded Git object/hook/log metadata is not canonical content.
Threshold Python/tinysig-main/tinysig-main/.git/objects/54/dc04b38ad40ba6bce8d71e09be4f06dd97b859,76,c67681f8322eb5a0e1d9ff6aca34a1cc4a196b6cdbcbe175320cb868dfb4d4c5,Discarded repository metadata,—,Embedded Git object/hook/log metadata is not canonical content.
Threshold Python/tinysig-main/tinysig-main/.git/objects/55/df7c51026c6e07fdfa804eb7a2efdaf48be85c,73,028d84ad7803c0977f703eaa0a2ad30ec4ea12ae24a8c8c81ba9ac299b7cf9d5,Discarded repository metadata,—,Embedded Git object/hook/log metadata is not canonical content.
Threshold Python/tinysig-main/tinysig-main/.git/objects/56/b51810670c5dbd6e67ddc3ab8e28ef350ae447,402,e9f5b9702438d545da81367208e126ff553ea195a6b5859fbb5d9b3385e5459b,Discarded repository metadata,—,Embedded Git object/hook/log metadata is not canonical content.
Threshold Python/tinysig-main/tinysig-main/.git/objects/59/e7fad48279fb4efa88241ebe8c2f3268c98d31,61,ff346551bab8199924f569313687af20a463ab374abce021ca1d79f687a316ae,Discarded repository metadata,—,Embedded Git object/hook/log metadata is not canonical content.
Threshold Python/tinysig-main/tinysig-main/.git/objects/65/efc292eb0e5488d998001de7884fe9e09e03a2,84,a5c7b393df9cc1dfe3515c984db56a787ddd28365a66df2b21f59b148b3d3f8b,Discarded repository metadata,—,Embedded Git object/hook/log metadata is not canonical content.
Threshold Python/tinysig-main/tinysig-main/.git/objects/67/61a81317d26d2d61d5554ab55b4fb9c7cd1ef6,69,7d891e3394c4355a04e1292210d43e4318d6f6a32efce2483f5add090113a97a,Discarded repository metadata,—,Embedded Git object/hook/log metadata is not canonical content.
Threshold Python/tinysig-main/tinysig-main/.git/objects/68/bc17f9ff2104a9d7b6777058bb4c343ca72609,1544,75608886900095ba93d5f641ee8e7ad3cd406cf6f00f32c705f57b11a3e31cff,Discarded repository metadata,—,Embedded Git object/hook/log metadata is not canonical content.
Threshold Python/tinysig-main/tinysig-main/.git/objects/69/77af8c948d6e854ab431f4dba7940f6fd39cd1,315,a15a3cbdcaab3ed8904c69bf376ff9c17bb45bbd10ad11eb29a618dcb95d03f1,Discarded repository metadata,—,Embedded Git object/hook/log metadata is not canonical content.
Threshold Python/tinysig-main/tinysig-main/.git/objects/6c/e8995d20664cc4afde84c195e1630a7a84cb53,108,dda8baf3b8bf63a29e66bb516fae42974a16d3f5475cfa39c4274f7c4b77903d,Discarded repository metadata,—,Embedded Git object/hook/log metadata is not canonical content.
Threshold Python/tinysig-main/tinysig-main/.git/objects/6f/3a1ea718fe7d2e571396bd602ca01b53a38439,794,e11e61ed15952629bbe90df2e6b3975c7fb926d1f41547faa886e9964a996675,Discarded repository metadata,—,Embedded Git object/hook/log metadata is not canonical content.
Threshold Python/tinysig-main/tinysig-main/.git/objects/74/6cdd220c3e3995c081aac27b3fd29efacebb66,121,b7e9ab750532dabeda341ca9926170fb5c35c60a96ba40eb1d4be8acd7cf66e7,Discarded repository metadata,—,Embedded Git object/hook/log metadata is not canonical content.
Threshold Python/tinysig-main/tinysig-main/.git/objects/77/8c200901d2db610c3d90747f7fd05792a03ae0,439,08a93993e5192ae70d1cbf57ef89154240ff47a67fd0fcdaac5128e8e14bc8e0,Discarded repository metadata,—,Embedded Git object/hook/log metadata is not canonical content.
Threshold Python/tinysig-main/tinysig-main/.git/objects/7a/a512dd4314871f3a455cdfe9e06d7c2eee9091,2420,387476d739ee6001336f9d5b4db2bc7e2ba08582f34873f2a40aeef7a2906f8d,Discarded repository metadata,—,Embedded Git object/hook/log metadata is not canonical content.
Threshold Python/tinysig-main/tinysig-main/.git/objects/7b/9e0c2620a76dd4ae504c4edeb4025cf7468389,36,7d192e4b9f38c91f78639fd72118beb891a7948b71bab3df4511b0d880264e89,Discarded repository metadata,—,Embedded Git object/hook/log metadata is not canonical content.
Threshold Python/tinysig-main/tinysig-main/.git/objects/7c/d2eb723a8e69147e8447acfcc438785b2dbdcf,171,dbc14752858244745bfb173fac0257a6bb870444b880f5e8f4cc07206361d7a2,Discarded repository metadata,—,Embedded Git object/hook/log metadata is not canonical content.
Threshold Python/tinysig-main/tinysig-main/.git/objects/80/75db3c1b6a587e806cccd45bf3d56636a1bd90,85,3421a364c1d3aeff19dfbf408543617e2e0899c38edccbdf866cb2f6d0c07182,Discarded repository metadata,—,Embedded Git object/hook/log metadata is not canonical content.
Threshold Python/tinysig-main/tinysig-main/.git/objects/86/ee7196ba8f21a93de8274a75bdfdc5abdb4977,2150,fe9116ddf0e0be10685049bb721c58235e7782e75efeab053bc7687a1cecd009,Discarded repository metadata,—,Embedded Git object/hook/log metadata is not canonical content.
Threshold Python/tinysig-main/tinysig-main/.git/objects/89/f04935e93b9a1dced3375a9de3fdce2e10b897,1686,91ffa35ad14a2ed7f77a1f1c82105b84b6e93250f2aa269fea3e26dfb7a90cf0,Discarded repository metadata,—,Embedded Git object/hook/log metadata is not canonical content.
Threshold Python/tinysig-main/tinysig-main/.git/objects/89/fef41859ae9e982d779da494a2e75d3446e2bf,1896,60d0b54f9b75005370aad09f03a0df5a612e0b9cee47596f149bd0b82bbfebb3,Discarded repository metadata,—,Embedded Git object/hook/log metadata is not canonical content.
Threshold Python/tinysig-main/tinysig-main/.git/objects/8b/5385d0f002473acd850d9a0b23806bfb24cc04,3175,b716a0cb666b24c99848c36ffeccc55df0e97305737b0b8f770a0e1e32194d46,Discarded repository metadata,—,Embedded Git object/hook/log metadata is not canonical content.
Threshold Python/tinysig-main/tinysig-main/.git/objects/8b/94520a9f409719a8b73757e379efee57f2adf5,5302,8f2b9a22b3555975c8d00b4a56edd98f951108b802eef17ccbec1f97ebd8c374,Discarded repository metadata,—,Embedded Git object/hook/log metadata is not canonical content.
Threshold Python/tinysig-main/tinysig-main/.git/objects/8f/48c862ba7f691c2e1454087bebac2b94f3c5b9,1655,1c7598a9bcf936903b7e2350a107fc59e7da9fc9942221290008b7a6af003f22,Discarded repository metadata,—,Embedded Git object/hook/log metadata is not canonical content.
Threshold Python/tinysig-main/tinysig-main/.git/objects/8f/e93753626630b858aebabb4c760c0e617e23b5,61,867caabb176c898e4e22b85bf79096f2d4ddd57799d1c051593f5b53740af7e2,Discarded repository metadata,—,Embedded Git object/hook/log metadata is not canonical content.
Threshold Python/tinysig-main/tinysig-main/.git/objects/92/6e3371a52f4f9a9908fece6d9723d29bb46492,191,211826ffb2ad80e90e4d47d4af908f000aedfef1cc52e7b6b7f0e7cbdeca4900,Discarded repository metadata,—,Embedded Git object/hook/log metadata is not canonical content.
Threshold Python/tinysig-main/tinysig-main/.git/objects/96/dd1e58319ad92b7e79fce0e4cdfc0850bef447,8089,47434233a9032c620053ad97f4b7b43f776361581c95156cb76fd792337b2f27,Discarded repository metadata,—,Embedded Git object/hook/log metadata is not canonical content.
Threshold Python/tinysig-main/tinysig-main/.git/objects/97/a7a7d72784b28f846f689b0a871b11186ade62,183,af170a5eb6123a544cd7d41a9523dd9fa7981b260ba93d833f97ec70f8369bc4,Discarded repository metadata,—,Embedded Git object/hook/log metadata is not canonical content.
Threshold Python/tinysig-main/tinysig-main/.git/objects/9e/9760aa97b53bb39970b6fa7047579054910efa,86,c4a44eb0122c57f45a36b9550f28194d395a42e9d023aa9ba01e68366585faa4,Discarded repository metadata,—,Embedded Git object/hook/log metadata is not canonical content.
Threshold Python/tinysig-main/tinysig-main/.git/objects/9e/d1320c9ad26f6841a3294dc7077a6fb55c355f,104,2eef65dc702ab7214c0dbf6d227e0470080fe436a9fdbc6515dbc44f5a6eac2a,Discarded repository metadata,—,Embedded Git object/hook/log metadata is not canonical content.
Threshold Python/tinysig-main/tinysig-main/.git/objects/a1/775db842f5e6ba19b7685566c427764b335b58,4159,000aeaf1cd52aa334f939fcad2f06bb9dfd8db0d32ce62cf708c936ca4fbc87f,Discarded repository metadata,—,Embedded Git object/hook/log metadata is not canonical content.
Threshold Python/tinysig-main/tinysig-main/.git/objects/a5/17339bb8738d6e6d2c1e69788a44057683acd9,1499,253ecd5b22151733124c50bf5aab9b6d8ca2c3ff3953cda38703637d6c26e1ab,Discarded repository metadata,—,Embedded Git object/hook/log metadata is not canonical content.
Threshold Python/tinysig-main/tinysig-main/.git/objects/a5/d3e4b0ac5210566d45a56e066233096214f418,2470,57de2892f7982921304d152ddbfd3c610be0af774be1b7af0abce0e644cf01ab,Discarded repository metadata,—,Embedded Git object/hook/log metadata is not canonical content.
Threshold Python/tinysig-main/tinysig-main/.git/objects/a8/c6a2d67ee5c322d290fe4d9ed88f75c497a804,660,e11d6c65cf4fffee7de375b367a33f92c542e37cec978e4415c57954a934deac,Discarded repository metadata,—,Embedded Git object/hook/log metadata is not canonical content.
Threshold Python/tinysig-main/tinysig-main/.git/objects/a9/c0b65ca3b6b03b8e0e2898b2e7f5977f0e13e7,174,2dbd85cb8d72831be04684b7fa8b7b886b3df1f5772221b6c697af843ea1164f,Discarded repository metadata,—,Embedded Git object/hook/log metadata is not canonical content.
Threshold Python/tinysig-main/tinysig-main/.git/objects/aa/35a419b144a4412b3f684fb8330e7dc0f9c2e8,59,bbf66280a73304b969353028d3da248a5af639a4ab5e5edb410e6b48064cd7a7,Discarded repository metadata,—,Embedded Git object/hook/log metadata is not canonical content.
Threshold Python/tinysig-main/tinysig-main/.git/objects/ab/3babe5e256c7da79ed11d0f532356566b87936,56,914f313829ce01461cbe4e2cb9b3b1be0ff9a1eb839d183733379e5629bdf92c,Discarded repository metadata,—,Embedded Git object/hook/log metadata is not canonical content.
Threshold Python/tinysig-main/tinysig-main/.git/objects/ad/bb79cac44b26866ab030d264d4327ec435eb58,244,d034990437645d72d044cec71d41135322abd25cdbf5a9ca50e1e18f63d2c3b6,Discarded repository metadata,—,Embedded Git object/hook/log metadata is not canonical content.
Threshold Python/tinysig-main/tinysig-main/.git/objects/ae/4dc24d8486733168f98acd22feeb32d5613718,59,3827592db161f2f7e9192b825216797021e5cd405dd6ecb17d433ccd40317d6c,Discarded repository metadata,—,Embedded Git object/hook/log metadata is not canonical content.
Threshold Python/tinysig-main/tinysig-main/.git/objects/ae/f962e60c69084bf7dab83109088a63f7257540,148,3f1933592ae16c885a55939ff3647c6855713bdaedc520108a767b157efd56f8,Discarded repository metadata,—,Embedded Git object/hook/log metadata is not canonical content.
Threshold Python/tinysig-main/tinysig-main/.git/objects/af/7e9358cbf3858fee116831c521493b59e7c2e7,2708,a13ca39d4c4e82e2edd6943b0341e42d628d38c4e9382d5a5977c914eb630e49,Discarded repository metadata,—,Embedded Git object/hook/log metadata is not canonical content.
Threshold Python/tinysig-main/tinysig-main/.git/objects/b2/bde62cc1ccbc8e69d3389d3a43aa6a58f039cd,1732,3715d675936ea80d9347836d22d84d6f6ca08e6102c8597ed10f0e82771a03ef,Discarded repository metadata,—,Embedded Git object/hook/log metadata is not canonical content.
Threshold Python/tinysig-main/tinysig-main/.git/objects/b2/fac6f0db34ceffd78c4dd807688fe6a296e5c7,448,6ed1473d643187f9627068fbcd8eb6bd53a75c46cea9992244b26f312bf07b3c,Discarded repository metadata,—,Embedded Git object/hook/log metadata is not canonical content.
Threshold Python/tinysig-main/tinysig-main/.git/objects/b3/6634a80c63dcbb6bc0c6185100b0a8d92ff082,255,57ea4c1f5e30a3f7e056e906266d3b027f44ce173feae2eac9dbc17f8569c788,Discarded repository metadata,—,Embedded Git object/hook/log metadata is not canonical content.
Threshold Python/tinysig-main/tinysig-main/.git/objects/b3/f88920684b546ebcbe9d4b37bb705b0e1fbf43,198,3c5620c663853289d26f179601a38313b333a177fb287ac62fe8fd6a95732538,Discarded repository metadata,—,Embedded Git object/hook/log metadata is not canonical content.
Threshold Python/tinysig-main/tinysig-main/.git/objects/b4/512537fe237b0dd1cb819174be8b88e137531c,192,02342796dd01dd407dc2a1e9ac541e16cff226988c2e969ad4249a9199b91bdf,Discarded repository metadata,—,Embedded Git object/hook/log metadata is not canonical content.
Threshold Python/tinysig-main/tinysig-main/.git/objects/b8/0e8c6e135a5a845ae6c4794c71884918afae5e,54,57f58f4586b4137bed1f77239acdf9603ff68320aafb8639139bffb8b98ea6c4,Discarded repository metadata,—,Embedded Git object/hook/log metadata is not canonical content.
Threshold Python/tinysig-main/tinysig-main/.git/objects/b9/2dcb916e5195cedbac08e0f53ba87a04579e96,947,c95dfdaf4033aeb0664339115891513c7f13e82dd3fc950c7ee1e47111f7e45b,Discarded repository metadata,—,Embedded Git object/hook/log metadata is not canonical content.
Threshold Python/tinysig-main/tinysig-main/.git/objects/ba/7bcfd0d8e4cc70819b9a18e525a7be81525c31,154092,13e68565c6d9354dbf36c8c53a0f5a44b8dd8b3eec58d4bda1adfdfe9fc46b0d,Discarded repository metadata,—,Embedded Git object/hook/log metadata is not canonical content.
Threshold Python/tinysig-main/tinysig-main/.git/objects/bd/9a92f8bd23a24efd072823bf1a599d727a4f73,1309,6d6d4c6e0a47b5088d3d290c74fa7a8545c488cf52a0b779c087794f1d15ffd2,Discarded repository metadata,—,Embedded Git object/hook/log metadata is not canonical content.
Threshold Python/tinysig-main/tinysig-main/.git/objects/bf/23381c9bb86a267869f280f9a8d964b23e7211,454,642e571775271450cd463421854391e3ccded0bd069c772d8a0a24ff9e0ae870,Discarded repository metadata,—,Embedded Git object/hook/log metadata is not canonical content.
Threshold Python/tinysig-main/tinysig-main/.git/objects/c1/27d8a72ad6d732237d0277e0f601538a55bf03,1188,6812b705e58a07487399eb060bad65a3db91b789bbb8bbd09c705c2927f03f99,Discarded repository metadata,—,Embedded Git object/hook/log metadata is not canonical content.
Threshold Python/tinysig-main/tinysig-main/.git/objects/c1/b5ea62f8f845cbba366eb3ad3c4862172326b1,235,7553e421114095a6fa2b71d974fd1d06cd92bececd5fa35e64ce1a124c9bfd2c,Discarded repository metadata,—,Embedded Git object/hook/log metadata is not canonical content.
Threshold Python/tinysig-main/tinysig-main/.git/objects/c2/d35ed167d8c2383705c30945cfb07af4570dfc,1977,a8df9fcf3922e36b5b67f8aed9ee330f0820518ba4d53b2192aa5b6e4f3caeb1,Discarded repository metadata,—,Embedded Git object/hook/log metadata is not canonical content.
Threshold Python/tinysig-main/tinysig-main/.git/objects/c3/53981f5aafdb6fee6894bd4a8eab24e2cf4d0b,171,d9d948c2f6326d1bd684502e3201f3f9ec06b6f26019f9b8d061725202b8fee2,Discarded repository metadata,—,Embedded Git object/hook/log metadata is not canonical content.
Threshold Python/tinysig-main/tinysig-main/.git/objects/c5/db297d12b57058f3215635561f843838145794,732,31079c3daa275ef68ea702130a4b44eea8ffecd90f33f2274af2660a451c6b01,Discarded repository metadata,—,Embedded Git object/hook/log metadata is not canonical content.
Threshold Python/tinysig-main/tinysig-main/.git/objects/cc/7da31b7578c484c8d24620437d814c1ad1aedc,1755,85a80193f1bc2a34646906977bb3206fb48480cce6dca7fbbb2e1f67cdaf2b43,Discarded repository metadata,—,Embedded Git object/hook/log metadata is not canonical content.
Threshold Python/tinysig-main/tinysig-main/.git/objects/ce/6b38adb1082e9afc7beda818284b79b40e3ef9,1403,da82065adb15ee8bbf02668ca186f39d268f39510a602dd45ef1be25fc7243ce,Discarded repository metadata,—,Embedded Git object/hook/log metadata is not canonical content.
Threshold Python/tinysig-main/tinysig-main/.git/objects/d0/1d920d8d14609bb7f5628f9bfd0404101142dc,1006,cac65e0a4b2d65f2e032ebfe6b66bc035c0971b640564e06dd1620518f3f24ed,Discarded repository metadata,—,Embedded Git object/hook/log metadata is not canonical content.
Threshold Python/tinysig-main/tinysig-main/.git/objects/d8/0843eb7b700d2e702078475db0b85810e247af,115,b981220caa693da83c745a41db3871e2ee15182b0076f6066f9c9144195564f5,Discarded repository metadata,—,Embedded Git object/hook/log metadata is not canonical content.
Threshold Python/tinysig-main/tinysig-main/.git/objects/d9/a3a51ef14bb8e3625a02f8c06d24f9b4f15940,678,7a616f07eb5cfda25fefcd8ffe0830580b2337c2edad13753a1126021c44d497,Discarded repository metadata,—,Embedded Git object/hook/log metadata is not canonical content.
Threshold Python/tinysig-main/tinysig-main/.git/objects/e0/fe5d46ba360e32b4fa19fa8bb3028da4ec5e15,51,ae73dc286c7d74b4e93000cf05bc2bbbfb01193798c550c0dc3e72d4e3d4d4d3,Discarded repository metadata,—,Embedded Git object/hook/log metadata is not canonical content.
Threshold Python/tinysig-main/tinysig-main/.git/objects/e3/f495f826c9cf81958f8e1b3a0565d436423ce2,2026,9a84c3e1cd16b580bba9ba65bd630919a7b83b82181b85fe87027697f6b6b40e,Discarded repository metadata,—,Embedded Git object/hook/log metadata is not canonical content.
Threshold Python/tinysig-main/tinysig-main/.git/objects/e4/487aaf331b6d8da37445104462e080d73a8236,157,b23c9fe7b55ba88f441c0940a252936f60cecda9e201bad2dddc63a071e462ba,Discarded repository metadata,—,Embedded Git object/hook/log metadata is not canonical content.
Threshold Python/tinysig-main/tinysig-main/.git/objects/e6/03f79f84e54b849faf664230ac4c69b1de716f,117,75c007e8dba3d0d76a4957347853130f384bd1d9761d3959ce6ca6b6a861bd03,Discarded repository metadata,—,Embedded Git object/hook/log metadata is not canonical content.
Threshold Python/tinysig-main/tinysig-main/.git/objects/e6/9de29bb2d1d6434b8b29ae775ad8c2e48c5391,15,164c5fa8067facf1a43f09ce3d0e35ebf53a7f5723ecbf15a8667cfc53c26f6c,Discarded repository metadata,—,Embedded Git object/hook/log metadata is not canonical content.
Threshold Python/tinysig-main/tinysig-main/.git/objects/e7/7b7d3bec9c787b39ba04f7b3cea025c22442db,316,b7a3b883957e63b9c624265f13944ad4abd711914a1e9c925012bceabf71db42,Discarded repository metadata,—,Embedded Git object/hook/log metadata is not canonical content.
Threshold Python/tinysig-main/tinysig-main/.git/objects/e7/94aef26b68721383eb46b345085a519ce3dcb2,72,120247e3ef0846ad6dcfeabbcea0b247ac4120acac2bd76bc8e30da9191426e1,Discarded repository metadata,—,Embedded Git object/hook/log metadata is not canonical content.
Threshold Python/tinysig-main/tinysig-main/.git/objects/ea/09d0822c76bcd71d7ecfe0be25c46656c3e960,747,0a323bb7443d9fa04631993e67f3fd5b4aecf1b7848297a6901eb46aa951040a,Discarded repository metadata,—,Embedded Git object/hook/log metadata is not canonical content.
Threshold Python/tinysig-main/tinysig-main/.git/objects/ea/3a3676f8231a856f0988f4b3a0502d0f89b822,454,1aeee52d156b39472d9148958a6c1426707c132b43b0781f4fe5595d90c5165d,Discarded repository metadata,—,Embedded Git object/hook/log metadata is not canonical content.
Threshold Python/tinysig-main/tinysig-main/.git/objects/ea/7269e395a255671b5b3a10f21cb9793219d8b8,190,219950f2c2115fa52926d1b1f45714c431986d880014fdecc6e98e45a81d4ed7,Discarded repository metadata,—,Embedded Git object/hook/log metadata is not canonical content.
Threshold Python/tinysig-main/tinysig-main/.git/objects/ea/b86f3f5337d83ee6dac2311e8f1d28bee08669,1092,13d15a5b081a915509af44d5ad8ae80f9e426babb4a0c5b2c5f1bbbe5d2e1d14,Discarded repository metadata,—,Embedded Git object/hook/log metadata is not canonical content.
Threshold Python/tinysig-main/tinysig-main/.git/objects/ea/dbd6cc627bb47eb8812025362ae00b0c1564ab,548,749b22e1bf2e8be9d7ee9c11ae65290c9fed78700f3a218aee4b1ef6f8f20fb7,Discarded repository metadata,—,Embedded Git object/hook/log metadata is not canonical content.
Threshold Python/tinysig-main/tinysig-main/.git/objects/ed/49f77e3afb7e8b90518083d4c70b12faab4f5e,861,f2ab139ff065bbfb012da411dd85aaf452803319595bde9ed3591c47246f6b11,Discarded repository metadata,—,Embedded Git object/hook/log metadata is not canonical content.
Threshold Python/tinysig-main/tinysig-main/.git/objects/ef/071cd1fc67c2fc5b9755d78ea44f6d09d9fc00,383,a72e4331a993623379d3bc32a182f803e01fdec5ac6ae3d6cfd072242ce07619,Discarded repository metadata,—,Embedded Git object/hook/log metadata is not canonical content.
Threshold Python/tinysig-main/tinysig-main/.git/objects/ef/9cbd0626d629992d74b9f105673332fedb8903,86,470fffc4235a6d6e2662058c4783ef409cb02361cc88f761c859bcd8b408b3ac,Discarded repository metadata,—,Embedded Git object/hook/log metadata is not canonical content.
Threshold Python/tinysig-main/tinysig-main/.git/objects/ef/b67ea21fa6b76241c5ed4322621aa15db25fb4,259,3ccc4e80c4846659045bf7ccab60e4a936a300c4f539fe5890da94702ec643fa,Discarded repository metadata,—,Embedded Git object/hook/log metadata is not canonical content.
Threshold Python/tinysig-main/tinysig-main/.git/objects/f0/6b76bcf8af9913d2990780dd9fa0bf1f2c6191,93,ad734daebecdaa96235770250e8371f2d32a72bffadd6e55f81b8740e9456b1d,Discarded repository metadata,—,Embedded Git object/hook/log metadata is not canonical content.
Threshold Python/tinysig-main/tinysig-main/.git/objects/f2/aa44cbacbe0e2ff3c483fa94aac328b456a94d,8081,2caade8646d49c892ebeca1f22d1d3cc157bd92718368fcd61293717dcf9caf4,Discarded repository metadata,—,Embedded Git object/hook/log metadata is not canonical content.
Threshold Python/tinysig-main/tinysig-main/.git/objects/fc/1ae297efb56649734ddcd9383595733375913f,229,c5d2c1dea54f83cca8119bee7e1f02d0d0fc8a9331a6dfdfd4af57598e346543,Discarded repository metadata,—,Embedded Git object/hook/log metadata is not canonical content.
Threshold Python/tinysig-main/tinysig-main/.git/objects/fd/2391b50ec0f99fc74cdbcbac8aa5c920b5d06e,259,a7f36e301961b929d8b2a8c71c6a827bdcaf96190ce7d25a012857275fcdeb2c,Discarded repository metadata,—,Embedded Git object/hook/log metadata is not canonical content.
Threshold Python/tinysig-main/tinysig-main/.git/objects/fe/a8f4bb7cd9f331d3808dcd73683f54f7f21b2b,1106,9d0b4100dee7eca364f3910710261a3250f39af62c66d4930cb03f1225999736,Discarded repository metadata,—,Embedded Git object/hook/log metadata is not canonical content.
Threshold Python/tinysig-main/tinysig-main/.git/ORIG_HEAD,41,0d81ff2de7ca5e09719a064b8f2a466ba630d2c51ce47a125e1d21e2255eb99a,Discarded repository metadata,—,Embedded Git object/hook/log metadata is not canonical content.
Threshold Python/tinysig-main/tinysig-main/.git/packed-refs,46,6110899c7adc374885f9552bddfb76fa28a7f7ca3c05fb8b74471a457e1e57c8,Discarded repository metadata,—,Embedded Git object/hook/log metadata is not canonical content.
Threshold Python/tinysig-main/tinysig-main/.git/refs/heads/main,41,7f9cc5e23c156f55a797136a7b6c43b3c1f25df3a993de1f330283153b40d5ca,Discarded repository metadata,—,Embedded Git object/hook/log metadata is not canonical content.
Threshold Python/tinysig-main/tinysig-main/.git/refs/remotes/origin/main,41,7f9cc5e23c156f55a797136a7b6c43b3c1f25df3a993de1f330283153b40d5ca,Discarded repository metadata,—,Embedded Git object/hook/log metadata is not canonical content.
Threshold Python/tinysig-main/tinysig-main/configs/node.ini,76,fae3e2375f249e1d0682f2c4bd224d18ef9fc3239a2e8b173cd6ecbda5bbc306,Integrated / reworked,src/content/blog/tinysig-threshold-ecdsa-deep-dive.md,Fork/network layer was analyzed as a separate orchestration experiment and used in the forensic debugging section; unfinished code is not canonicalized as an implementation.
Threshold Python/tinysig-main/tinysig-main/configs/server.ini,19,17b49b981cfa868ac255d8f47e8e61de95b06b0c0ac169c79bb0ae02bebe78ae,Integrated / reworked,src/content/blog/tinysig-threshold-ecdsa-deep-dive.md,Fork/network layer was analyzed as a separate orchestration experiment and used in the forensic debugging section; unfinished code is not canonicalized as an implementation.
Threshold Python/tinysig-main/tinysig-main/design/architecture.dio,50528,e5e96b2f3670d9d0e58c0ff49c4bd3d874614f78d801e18bc07f7e706075620e,Reference-only,site-planning/threshold-python-cleanup.md,Editable diagram source informed the architecture analysis; the canonical site keeps only the rendered image.
Threshold Python/tinysig-main/tinysig-main/design/architecture.png,209341,a19ffcfa7f5f71ac140ab49882ee8a9990ef1f7c06bd8da5c47b0699c72af9c9,Integrated / reworked,public/images/blog/tinysig-fork-architecture.png,Recovered fork architecture retained with an explicit caption distinguishing it from the official in-memory TinySig prototype.
Threshold Python/tinysig-main/tinysig-main/index.html,695,3ac51a2cba37168fc2a49b0e738ea4b1565145675b40c562cb4072cfe1c557ce,Integrated / reworked,src/content/blog/tinysig-threshold-ecdsa-deep-dive.md,Fork/network layer was analyzed as a separate orchestration experiment and used in the forensic debugging section; unfinished code is not canonicalized as an implementation.
Threshold Python/tinysig-main/tinysig-main/Makefile,391,36e5dc8e318b6e6fdd4624ebadf65f684038da916f97dd6ba3430e1921df3980,Integrated / reworked,src/content/blog/tinysig-threshold-ecdsa-deep-dive.md,Fork/network layer was analyzed as a separate orchestration experiment and used in the forensic debugging section; unfinished code is not canonicalized as an implementation.
Threshold Python/tinysig-main/tinysig-main/README.md,0,e3b0c44298fc1c149afbf4c8996fb92427ae41e4649b934ca495991b7852b855,Integrated / reworked,src/content/blog/tinysig-threshold-ecdsa-deep-dive.md,Fork/network layer was analyzed as a separate orchestration experiment and used in the forensic debugging section; unfinished code is not canonicalized as an implementation.
Threshold Python/tinysig-main/tinysig-main/requirements.txt,93,516550cacc24bc9d4453dc01c4a1299f852c092930b1f2ad169c0db731efac15,Integrated / reworked,src/content/blog/tinysig-threshold-ecdsa-deep-dive.md,Fork/network layer was analyzed as a separate orchestration experiment and used in the forensic debugging section; unfinished code is not canonicalized as an implementation.
Threshold Python/tinysig-main/tinysig-main/resources/old/main2.py,2471,fc15e7809ac7040c7ca65d5033ce38e34ec72391a72476775c762e4f54781773,Integrated / reworked,src/content/blog/tinysig-threshold-ecdsa-deep-dive.md,Legacy TinySig/source-refactor material was mined for the code walkthrough and protocol-state analysis; it is not vendored.
Threshold Python/tinysig-main/tinysig-main/resources/old/network.py,6248,0778733a022372b39de4ce2f3e9daa55ecf87762272b1e2c0cf47c2f7367f8fe,Integrated / reworked,src/content/blog/tinysig-threshold-ecdsa-deep-dive.md,Legacy TinySig/source-refactor material was mined for the code walkthrough and protocol-state analysis; it is not vendored.
Threshold Python/tinysig-main/tinysig-main/resources/old/network2.py,1188,b093a15acfa23686f90944aecd848357f613d4b23afb81996d33f933f64a43fa,Integrated / reworked,src/content/blog/tinysig-threshold-ecdsa-deep-dive.md,Legacy TinySig/source-refactor material was mined for the code walkthrough and protocol-state analysis; it is not vendored.
Threshold Python/tinysig-main/tinysig-main/resources/old/setup.py,3579,4ff5c5327b0e069300f643a2b5a2abe96726be941ba6ba453b0abfee04469125,Integrated / reworked,src/content/blog/tinysig-threshold-ecdsa-deep-dive.md,Legacy TinySig/source-refactor material was mined for the code walkthrough and protocol-state analysis; it is not vendored.
Threshold Python/tinysig-main/tinysig-main/resources/old/setup2.py,2919,a049349b71b29ad18a2449e0b8c180d68028a2da6c8c033b9ba0758580646cff,Integrated / reworked,src/content/blog/tinysig-threshold-ecdsa-deep-dive.md,Legacy TinySig/source-refactor material was mined for the code walkthrough and protocol-state analysis; it is not vendored.
Threshold Python/tinysig-main/tinysig-main/resources/old/tecdsa.py,33471,e055477a9980949804f34cc462e5e47bc3d574dd55032ff357a8392152b70124,Integrated / reworked,src/content/blog/tinysig-threshold-ecdsa-deep-dive.md,Legacy TinySig/source-refactor material was mined for the code walkthrough and protocol-state analysis; it is not vendored.
Threshold Python/tinysig-main/tinysig-main/resources/old/tecdsa2.py,8008,ade9e6b23475686a2d0d4c9f34d6e562a8c48ab99e94f6d97e426fcf343d4180,Integrated / reworked,src/content/blog/tinysig-threshold-ecdsa-deep-dive.md,Legacy TinySig/source-refactor material was mined for the code walkthrough and protocol-state analysis; it is not vendored.
Threshold Python/tinysig-main/tinysig-main/resources/old/test.py,13046,32135b6f25312e10a3862bdb885364a5b80b1fb383cac86eb295b8abde5c8146,Integrated / reworked,src/content/blog/tinysig-threshold-ecdsa-deep-dive.md,Legacy TinySig/source-refactor material was mined for the code walkthrough and protocol-state analysis; it is not vendored.
Threshold Python/tinysig-main/tinysig-main/resources/old/test2.py,1226,6c655b844f1a38721716fcd85c15515607f4f5c0fd7ddfe165aa1a49e7b04e36,Integrated / reworked,src/content/blog/tinysig-threshold-ecdsa-deep-dive.md,Legacy TinySig/source-refactor material was mined for the code walkthrough and protocol-state analysis; it is not vendored.
Threshold Python/tinysig-main/tinysig-main/resources/old/tinysigRemade/crypto_operations.py,2113,5149562eb2ce0150b7b6b6a278704ff51f2c97725a6c27871df6336857d9a426,Integrated / reworked,src/content/blog/tinysig-threshold-ecdsa-deep-dive.md,Legacy TinySig/source-refactor material was mined for the code walkthrough and protocol-state analysis; it is not vendored.
Threshold Python/tinysig-main/tinysig-main/resources/old/tinysigRemade/dkg.py,3429,3658a9da18e99d2747291bf49f7143725151366235d52d01c108862f6e9521eb,Integrated / reworked,src/content/blog/tinysig-threshold-ecdsa-deep-dive.md,Legacy TinySig/source-refactor material was mined for the code walkthrough and protocol-state analysis; it is not vendored.
Threshold Python/tinysig-main/tinysig-main/resources/old/tinysigRemade/getlamba.py,517,e22352afea9fbd617df94c6a546800e3d115231232020a1f12a21fa9e59dfdaa,Integrated / reworked,src/content/blog/tinysig-threshold-ecdsa-deep-dive.md,Legacy TinySig/source-refactor material was mined for the code walkthrough and protocol-state analysis; it is not vendored.
Threshold Python/tinysig-main/tinysig-main/resources/old/tinysigRemade/keyagreement.py,3351,f554da363c99e6f2b5033147b2c1e922f95783976712fc602d6ebec5194823fa,Integrated / reworked,src/content/blog/tinysig-threshold-ecdsa-deep-dive.md,Legacy TinySig/source-refactor material was mined for the code walkthrough and protocol-state analysis; it is not vendored.
Threshold Python/tinysig-main/tinysig-main/resources/old/tinysigRemade/key_generation.py,7482,9f6946dd8a906ef80d428a539873c75151aabbdde2e96c71c675e33a176f409a,Integrated / reworked,src/content/blog/tinysig-threshold-ecdsa-deep-dive.md,Legacy TinySig/source-refactor material was mined for the code walkthrough and protocol-state analysis; it is not vendored.
Threshold Python/tinysig-main/tinysig-main/resources/old/tinysigRemade/main.py,4318,317503d249f69f1558006bd940adfdb32657ffeaf79987e701964e89886acf08,Integrated / reworked,src/content/blog/tinysig-threshold-ecdsa-deep-dive.md,Legacy TinySig/source-refactor material was mined for the code walkthrough and protocol-state analysis; it is not vendored.
Threshold Python/tinysig-main/tinysig-main/resources/old/tinysigRemade/powshareprotocol.py,0,e3b0c44298fc1c149afbf4c8996fb92427ae41e4649b934ca495991b7852b855,Integrated / reworked,src/content/blog/tinysig-threshold-ecdsa-deep-dive.md,Legacy TinySig/source-refactor material was mined for the code walkthrough and protocol-state analysis; it is not vendored.
Threshold Python/tinysig-main/tinysig-main/resources/old/tinysigRemade/prep.py,4039,e3bcaa6442b8822e7189ef07f23b088d3855b4160e965fd278accc35bcce658b,Integrated / reworked,src/content/blog/tinysig-threshold-ecdsa-deep-dive.md,Legacy TinySig/source-refactor material was mined for the code walkthrough and protocol-state analysis; it is not vendored.
Threshold Python/tinysig-main/tinysig-main/resources/old/tinysigRemade/rss.py,2498,832ef0a8bc65f2c73f5f84654f1c0849beb564f1a8edf864deb63d74ccbdbe35,Integrated / reworked,src/content/blog/tinysig-threshold-ecdsa-deep-dive.md,Legacy TinySig/source-refactor material was mined for the code walkthrough and protocol-state analysis; it is not vendored.
Threshold Python/tinysig-main/tinysig-main/resources/old/tinysigRemade/sendpk.py,1040,cdec31056fe0266160fca35aef95dbb97e3569206029c942db351a949ca62e7c,Integrated / reworked,src/content/blog/tinysig-threshold-ecdsa-deep-dive.md,Legacy TinySig/source-refactor material was mined for the code walkthrough and protocol-state analysis; it is not vendored.
Threshold Python/tinysig-main/tinysig-main/resources/old/tinysigRemade/signature_operations.py,3109,c4adbc7a9d5b1243a35b59c1a9cde4ea39e9bfcdb43ea86b1712a63aa81ee23d,Integrated / reworked,src/content/blog/tinysig-threshold-ecdsa-deep-dive.md,Legacy TinySig/source-refactor material was mined for the code walkthrough and protocol-state analysis; it is not vendored.
Threshold Python/tinysig-main/tinysig-main/resources/old/tinysigRemade/test2.py,5185,a53350d269560a76ed5c354dd39e72059d61f7777b7caf89275f5f8faf392618,Integrated / reworked,src/content/blog/tinysig-threshold-ecdsa-deep-dive.md,Legacy TinySig/source-refactor material was mined for the code walkthrough and protocol-state analysis; it is not vendored.
Threshold Python/tinysig-main/tinysig-main/resources/old/tinysigRemade/verification.py,3479,3acaca82791cb9b268a7eccfb86405070a795ef1c2d8ab0371c38d39d975c1fe,Integrated / reworked,src/content/blog/tinysig-threshold-ecdsa-deep-dive.md,Legacy TinySig/source-refactor material was mined for the code walkthrough and protocol-state analysis; it is not vendored.
Threshold Python/tinysig-main/tinysig-main/resources/old/utils.py,6629,1fb6ec9ce8a206643001a8339b71c973d5a0dd19748b5b03b18ce51959cf0a22,Integrated / reworked,src/content/blog/tinysig-threshold-ecdsa-deep-dive.md,Legacy TinySig/source-refactor material was mined for the code walkthrough and protocol-state analysis; it is not vendored.
Threshold Python/tinysig-main/tinysig-main/resources/old/utils2.py,5691,a23be1ff09b74a5263fb20a34bbffc15ba2929ec1d7ed003bb0b2a4873d350cd,Integrated / reworked,src/content/blog/tinysig-threshold-ecdsa-deep-dive.md,Legacy TinySig/source-refactor material was mined for the code walkthrough and protocol-state analysis; it is not vendored.
Threshold Python/tinysig-main/tinysig-main/resources/old/__init__.py,233,97147bd3dd123dd0349b831627fde7a650c1a2f371e906b819325dd8fb902598,Integrated / reworked,src/content/blog/tinysig-threshold-ecdsa-deep-dive.md,Legacy TinySig/source-refactor material was mined for the code walkthrough and protocol-state analysis; it is not vendored.
Threshold Python/tinysig-main/tinysig-main/resources/tinysig/.gitignore,3238,93c7be0ce8f47d89d762394b3821e837918182d90d5c701811f116af7fd8655d,Reference-only,site-planning/threshold-python-cleanup.md,Upstream package support/licensing material retained only in provenance ledger; not required in canonical repository.
Threshold Python/tinysig-main/tinysig-main/resources/tinysig/.pylintrc,21978,e3dd9a8327b26ec7822d8595f3982760c71d0c74e91a7af405207a211407c9cc,Reference-only,site-planning/threshold-python-cleanup.md,Upstream package support/licensing material retained only in provenance ledger; not required in canonical repository.
Threshold Python/tinysig-main/tinysig-main/resources/tinysig/.readthedocs.yaml,236,e088f0e9c9784a7d0978c7d55deb40f1930badbd4daf43b3d800bbff5deda747,Integrated / reworked,src/content/blog/tinysig-threshold-ecdsa-deep-dive.md,"Published-package metadata/docs/tests informed API, dependency, and packaging analysis; incomplete source checkout is documented rather than copied."
Threshold Python/tinysig-main/tinysig-main/resources/tinysig/demos/intro_demo.ipynb,31654,fcbac31f4b93157cd8893acfeafffa421a7018496d51a171abe43e304fa4a193,Integrated / reworked,src/content/blog/tinysig-threshold-ecdsa-deep-dive.md,"Published-package metadata/docs/tests informed API, dependency, and packaging analysis; incomplete source checkout is documented rather than copied."
Threshold Python/tinysig-main/tinysig-main/resources/tinysig/docs/conf.py,3476,bc70d98985a19df77c70756579cbf211aa6356df920031e8cfbcdbd83bdb6888,Integrated / reworked,src/content/blog/tinysig-threshold-ecdsa-deep-dive.md,"Published-package metadata/docs/tests informed API, dependency, and packaging analysis; incomplete source checkout is documented rather than copied."
Threshold Python/tinysig-main/tinysig-main/resources/tinysig/docs/index.rst,279,ed6a698be0d225f5839d817b1fae0a87fb5f3ae1eea9161d4ac8cda22d1ef6c5,Integrated / reworked,src/content/blog/tinysig-threshold-ecdsa-deep-dive.md,"Published-package metadata/docs/tests informed API, dependency, and packaging analysis; incomplete source checkout is documented rather than copied."
Threshold Python/tinysig-main/tinysig-main/resources/tinysig/docs/make.bat,825,08581aee61214145db835312146407708ba83f127434bd01bebf05a4240fb9f5,Integrated / reworked,src/content/blog/tinysig-threshold-ecdsa-deep-dive.md,"Published-package metadata/docs/tests informed API, dependency, and packaging analysis; incomplete source checkout is documented rather than copied."
Threshold Python/tinysig-main/tinysig-main/resources/tinysig/docs/Makefile,679,f9a0b2c19f1a1d70db7dbcfb60c94243da19c1be8ae42c1a7dd21c358da35243,Integrated / reworked,src/content/blog/tinysig-threshold-ecdsa-deep-dive.md,"Published-package metadata/docs/tests informed API, dependency, and packaging analysis; incomplete source checkout is documented rather than copied."
Threshold Python/tinysig-main/tinysig-main/resources/tinysig/docs/toc.rst,75,58d4296dff56b942155a30f97454128fad2deede52bd7a65d5d0c52084263c7d,Integrated / reworked,src/content/blog/tinysig-threshold-ecdsa-deep-dive.md,"Published-package metadata/docs/tests informed API, dependency, and packaging analysis; incomplete source checkout is documented rather than copied."
Threshold Python/tinysig-main/tinysig-main/resources/tinysig/docs/_source/tinysig.rst,403,ee41743752ced639aaa2fea5c361f363daa4e1fc677dcac760e0b2359482df9b,Integrated / reworked,src/content/blog/tinysig-threshold-ecdsa-deep-dive.md,"Published-package metadata/docs/tests informed API, dependency, and packaging analysis; incomplete source checkout is documented rather than copied."
Threshold Python/tinysig-main/tinysig-main/resources/tinysig/docs/_templates/module.rst_t,201,96fc6460bb73cf68e3a45e5e36005ddc80f4b8bb0281400e5e0f2cc8fdbe4771,Integrated / reworked,src/content/blog/tinysig-threshold-ecdsa-deep-dive.md,"Published-package metadata/docs/tests informed API, dependency, and packaging analysis; incomplete source checkout is documented rather than copied."
Threshold Python/tinysig-main/tinysig-main/resources/tinysig/docs/_templates/package.rst_t,776,e48f0f42554232aad280f55a46532d1491c30d2f91a4d7f08145faad17efac96,Integrated / reworked,src/content/blog/tinysig-threshold-ecdsa-deep-dive.md,"Published-package metadata/docs/tests informed API, dependency, and packaging analysis; incomplete source checkout is documented rather than copied."
Threshold Python/tinysig-main/tinysig-main/resources/tinysig/docs/_templates/toc.rst_t,132,5b9a046a856daf309413ea653d67afa2dd41d568fdd86d38788eb4a1cee7ea02,Integrated / reworked,src/content/blog/tinysig-threshold-ecdsa-deep-dive.md,"Published-package metadata/docs/tests informed API, dependency, and packaging analysis; incomplete source checkout is documented rather than copied."
Threshold Python/tinysig-main/tinysig-main/resources/tinysig/LICENSE,1106,cf0a8933b1678549496f77e9c7e932e402ce336158b61f5739cc0eed55bb0d08,Reference-only,site-planning/threshold-python-cleanup.md,Upstream package support/licensing material retained only in provenance ledger; not required in canonical repository.
Threshold Python/tinysig-main/tinysig-main/resources/tinysig/pyproject.toml,1395,4ab571192df4b091eab1c4b428b55a0ccacd08109af6bef7c60d4352601cd9ac,Integrated / reworked,src/content/blog/tinysig-threshold-ecdsa-deep-dive.md,"Published-package metadata/docs/tests informed API, dependency, and packaging analysis; incomplete source checkout is documented rather than copied."
Threshold Python/tinysig-main/tinysig-main/resources/tinysig/README.md,22,037940c6858d7013bef43d14d79ecf0c142653426ddfec27f0c18a33426ba39f,Integrated / reworked,src/content/blog/tinysig-threshold-ecdsa-deep-dive.md,"Published-package metadata/docs/tests informed API, dependency, and packaging analysis; incomplete source checkout is documented rather than copied."
Threshold Python/tinysig-main/tinysig-main/resources/tinysig/README.rst,6389,1a85a73d84c6dd837d5e6be90f68efd3d2a49e4d87386531914bb74b7a9150c3,Integrated / reworked,src/content/blog/tinysig-threshold-ecdsa-deep-dive.md,"Published-package metadata/docs/tests informed API, dependency, and packaging analysis; incomplete source checkout is documented rather than copied."
Threshold Python/tinysig-main/tinysig-main/resources/tinysig/requirements.txt,150,4935aa818fcb27c69e2ffffcb13158e686ff9531f95c98696a363b2a87db609a,Integrated / reworked,src/content/blog/tinysig-threshold-ecdsa-deep-dive.md,"Published-package metadata/docs/tests informed API, dependency, and packaging analysis; incomplete source checkout is documented rather than copied."
Threshold Python/tinysig-main/tinysig-main/resources/tinysig/setup.cfg,50,4a31cb3628581df31a08fdd2b12763b00893f53ed78efb4387f1c1dd326a3cf1,Integrated / reworked,src/content/blog/tinysig-threshold-ecdsa-deep-dive.md,"Published-package metadata/docs/tests informed API, dependency, and packaging analysis; incomplete source checkout is documented rather than copied."
Threshold Python/tinysig-main/tinysig-main/resources/tinysig/tests/test_tecdsa.py,13046,32135b6f25312e10a3862bdb885364a5b80b1fb383cac86eb295b8abde5c8146,Integrated / reworked,src/content/blog/tinysig-threshold-ecdsa-deep-dive.md,"Published-package metadata/docs/tests informed API, dependency, and packaging analysis; incomplete source checkout is documented rather than copied."
Threshold Python/tinysig-main/tinysig-main/src/crypto_utils.py,7337,4204cbe3505ab9f41ff7799e8d34c9a5190cc6c768382b0bbff0118693c423e5,Integrated / reworked,src/content/blog/tinysig-threshold-ecdsa-deep-dive.md,Fork/network layer was analyzed as a separate orchestration experiment and used in the forensic debugging section; unfinished code is not canonicalized as an implementation.
Threshold Python/tinysig-main/tinysig-main/src/node.py,6271,a039ba2583eccd50acc5f66f23f85e0fc41572cc12b43b466761fb8eab8fdf8b,Integrated / reworked,src/content/blog/tinysig-threshold-ecdsa-deep-dive.md,Fork/network layer was analyzed as a separate orchestration experiment and used in the forensic debugging section; unfinished code is not canonicalized as an implementation.
Threshold Python/tinysig-main/tinysig-main/src/server.py,6598,db8dddef3a73b56929b87f45242b073bab2a81dc82f0d74dc247769320bb217f,Integrated / reworked,src/content/blog/tinysig-threshold-ecdsa-deep-dive.md,Fork/network layer was analyzed as a separate orchestration experiment and used in the forensic debugging section; unfinished code is not canonicalized as an implementation.
Threshold Python/tinysig-main/tinysig-main/src/tinysig/__pycache__/crypto_operations.cpython-311.pyc,3470,eb3c2c664f464df3496a8e2fc98fc034779e0ee4fe2128b7e29ba2b415f7aadf,Discarded generated artifact,—,Python bytecode/cache is generated and non-reproducible as source material.
Threshold Python/tinysig-main/tinysig-main/src/tinysig/__pycache__/key_generation.cpython-311.pyc,11796,45699581f48b61ceabbc542fccdce2181858132291865821f44e2dad4825bfad,Discarded generated artifact,—,Python bytecode/cache is generated and non-reproducible as source material.
Threshold Python/tinysig-main/tinysig-main/src/tinysig/__pycache__/network.cpython-39.pyc,6396,0730534eba46bf01db067dad3873b57e54ec9429b00a797922422ec405efba51,Discarded generated artifact,—,Python bytecode/cache is generated and non-reproducible as source material.
Threshold Python/tinysig-main/tinysig-main/src/tinysig/__pycache__/network2.cpython-311.pyc,2624,b8f80c506ec5300621f1874e1e15e625e87b0486f6e2a4bba3da4bc1dd748f27,Discarded generated artifact,—,Python bytecode/cache is generated and non-reproducible as source material.
Threshold Python/tinysig-main/tinysig-main/src/tinysig/__pycache__/setup.cpython-311.pyc,5315,a4018adfb60cb6a4c4dd7db257ad25abdeaf9458b67309482ca9843f917d88c3,Discarded generated artifact,—,Python bytecode/cache is generated and non-reproducible as source material.
Threshold Python/tinysig-main/tinysig-main/src/tinysig/__pycache__/setup.cpython-39.pyc,3762,9bda208773dbfc39ca122dbbfc9e7fb42f54231b4e9e46f88e2be3be596c182a,Discarded generated artifact,—,Python bytecode/cache is generated and non-reproducible as source material.
Threshold Python/tinysig-main/tinysig-main/src/tinysig/__pycache__/setup2.cpython-311.pyc,4701,d2760fd13a727f55691999d0fe74a20772a509a990d76ba41c2d37c1017e53cc,Discarded generated artifact,—,Python bytecode/cache is generated and non-reproducible as source material.
Threshold Python/tinysig-main/tinysig-main/src/tinysig/__pycache__/signature_operations.cpython-311.pyc,4162,fcd5d3a64c9a9887b9a4454c368db6f907cab94e40719a94c8871c982c64247e,Discarded generated artifact,—,Python bytecode/cache is generated and non-reproducible as source material.
Threshold Python/tinysig-main/tinysig-main/src/tinysig/__pycache__/tecdsa2.cpython-311.pyc,14428,0550f934279c01feaaf6c70c0e677952c326c52b00ed5deb266e9ae94dada1ca,Discarded generated artifact,—,Python bytecode/cache is generated and non-reproducible as source material.
Threshold Python/tinysig-main/tinysig-main/src/tinysig/__pycache__/utils.cpython-311.pyc,10115,7cd5fbf2cd73b26619cb2c5f96fa991eb5f7aed393d1fc5006a798aa28a2852d,Discarded generated artifact,—,Python bytecode/cache is generated and non-reproducible as source material.
Threshold Python/tinysig-main/tinysig-main/src/tinysig/__pycache__/utils.cpython-39.pyc,7561,05e4920f8a1b05ed470ebfa810bdcb942cd2a1f0b4bdeab6c745e0735edba33c,Discarded generated artifact,—,Python bytecode/cache is generated and non-reproducible as source material.
Threshold Python/tinysig-main/tinysig-main/src/tinysig/__pycache__/utils2.cpython-311.pyc,8334,d04506a826bdb5c555c3d1264c37186092823df57f0d2fcd629bec0770a7f16f,Discarded generated artifact,—,Python bytecode/cache is generated and non-reproducible as source material.
Threshold Python/tinysig-main/tinysig-main/src/tinysig/__pycache__/verification.cpython-311.pyc,5514,7186fe14a310e1d4f4322200632c08c16ebce5bcfff788aab01d551a98a1602f,Discarded generated artifact,—,Python bytecode/cache is generated and non-reproducible as source material.
Threshold Python/tinysig-main/tinysig-main/src/__init__.py,72,3ce2ed6150245ed81c46eba350b78f0a3bcf735da8ee1aa1bca44199bf07efce,Integrated / reworked,src/content/blog/tinysig-threshold-ecdsa-deep-dive.md,Fork/network layer was analyzed as a separate orchestration experiment and used in the forensic debugging section; unfinished code is not canonicalized as an implementation.
Threshold Python/tinysig-main/tinysig-main/src/__pycache__/crypto_utils.cpython-310.pyc,8132,457176fbbd982299cccca071d42c2da0d6c4e5024d5b7f5aae1056f90fcc7c91,Discarded generated artifact,—,Python bytecode/cache is generated and non-reproducible as source material.
