retained_path,sha256,size_bytes,source_aliases,source_duplicate_count
.local-reference-library/homomorphic-research/1. Homomorphic Encryption.pdf,a41d347bf83fea619943da414fc4c1ba11e02935e31317b3274801e6a185f71d,488298,Homomorphic/Theory/1. Homomorphic Encryption.pdf,1
.local-reference-library/homomorphic-research/2017-956.pdf,8123d5e1ae1d67f054f6f55d4026bb6d3248356cde1a261c66137fd46bcc45b5,655125,Homomorphic/Theory/2017-956.pdf,1
.local-reference-library/homomorphic-research/2018-1043.pdf,ac61f01b3571d0b5f5b6b07db89e4044c986a899e9a240a77b807a9e4506c12c,409944,Homomorphic/Theory/2018-1043.pdf,1
.local-reference-library/homomorphic-research/2019-961.pdf,00520fb0beec46e84bbc7739c333b8f13984444e3f6d5d1a8312fed269e5ae19,1132480,Homomorphic/Theory/2019-961.pdf,1
.local-reference-library/homomorphic-research/2020-1481.pdf,50cde9fd82718dd34dc2daa34c13573e3262da7fb70497b7d9ccc6c873b060d1,526847,Homomorphic/Theory/2020-1481.pdf,1
.local-reference-library/homomorphic-research/2021-490.pdf,4f71f5acf49b51a981349f28b30b01a0984881a9d3daf8e079ebe36cfe4c1b9c,533783,Homomorphic/Theory/2021-490.pdf,1
.local-reference-library/homomorphic-research/2021-572.pdf,a6bd0b016b36ea2fa5e698885ae3adb7c785f3e9ff6ed69f5e8a8b7d3dd3de47,425599,Homomorphic/Theory/2021-572.pdf,1
.local-reference-library/homomorphic-research/2021-634.pdf,182b3df4e530023f4af3ace62d9eb35bc3425d6d49df6d4071266992818469ad,474573,Homomorphic/Theory/2021-634.pdf,1
.local-reference-library/homomorphic-research/2021-659.pdf,db6abaa217e52358ee16536af6cd3f5759b4afdaaac494585e9ec6e3b223f9f8,3374655,Homomorphic/Theory/2021-659.pdf,1
.local-reference-library/homomorphic-research/2021-691.pdf,e30094dd2c7ed231163d16ac3c5099319f87e9c7bd727a2ed45ae0c77453d545,467077,Homomorphic/Theory/2021-691.pdf | Homomorphic/Theory/FHE/Lattices/2021-691.pdf,2
.local-reference-library/homomorphic-research/2021-722.pdf,5866d133014a1a44b55d350200003810302bd79204d848bc9fc52e8ce80e410a,467471,Homomorphic/Theory/2021-722.pdf,1
.local-reference-library/homomorphic-research/2021-729.pdf,96d2b32894045375dd2f2dea5a01578b0163e39c19e88151cdec321ec1050dcd,829945,Homomorphic/Theory/2021-729.pdf,1
.local-reference-library/homomorphic-research/2021-731.pdf,46bd27b892901ae04f8b8ed70d969797fc422fdbb04c12547309d8c1ef1acb21,819837,Homomorphic/Theory/2021-731.pdf,1
.local-reference-library/homomorphic-research/2021-803.pdf,cbd99e8e553b7cfba37a6d166aa4be27550b55f28cb9a8d4d4f46f527e8cf60f,540396,Homomorphic/Theory/2021-803.pdf,1
.local-reference-library/homomorphic-research/2021-811.pdf,c6a2a517ef87d875f798b84b6fbb35a164622282008f6213e660f1b7e8261885,213219,Homomorphic/Theory/2021-811.pdf,1
.local-reference-library/homomorphic-research/3561800.pdf,b63e9519c355c123c92e3ee774b8d77fb5512de614912b15a057700149ad78fd,638395,Homomorphic/Theory/3561800.pdf,1
.local-reference-library/homomorphic-research/62230156.pdf,66f9d9ff3cfb86fd4c1c36ba879ce186235fe478bbbe007c60ce454a27664b02,245702,Homomorphic/Theory/62230156.pdf,1
.local-reference-library/homomorphic-research/Accelerator for Computing on Encrypted Data.pdf,9ff6a7182e5a89d23b6fc264b187803c0023bf193d04d6f894afac99a587628c,1238971,Homomorphic/Theory/Accelerator for Computing on Encrypted Data.pdf,1
.local-reference-library/homomorphic-research/BGV scheme/inferati-fhe-bfv.pdf,293a98bc6ef5fbe3b80e97c3614718f35ca112742fccfe935521e0c4c664669c,198979,Homomorphic/Theory/BGV scheme/inferati-fhe-bfv.pdf,1
.local-reference-library/homomorphic-research/BGV scheme/inferati-fhe-bgv.pdf,234a097c5d35f74aa349dd99832aa3aa9db1409d2235d6c212657f6916f0bcdf,954748,Homomorphic/Theory/BGV scheme/inferati-fhe-bgv.pdf,1
.local-reference-library/homomorphic-research/BGV scheme/inferati-fhe-ckks.pdf,ea06045d61354b5da79fbf80ac6d44df90a75ffca5ad4bd9b97b0147eb1ec34f,1130898,Homomorphic/Theory/BGV scheme/inferati-fhe-ckks.pdf,1
.local-reference-library/homomorphic-research/Can Round-Optimal Lattice-Based Blind Signatures be Practical.pdf,2369fcd7fc71c8ce9a55966024f9897dd006733591f4e4663cc1b9d1002decaa,718192,Homomorphic/Theory/Can Round-Optimal Lattice-Based Blind Signatures be Practical.pdf,1
.local-reference-library/homomorphic-research/craig-thesis.pdf,9e7f32f1b8543416fc6c2fcbfedd5d2d69150226b9bbd2cccac57840a5db7b66,952183,Homomorphic/Theory/craig-thesis.pdf | Homomorphic/Theory/Περασμένα σε LaTeX/homomorphic schemes/craig-thesis.pdf,2
.local-reference-library/homomorphic-research/Differential Privacy Papers/NIPS-2010-multiparty-differential-privacy-via-aggregation-of-locally-trained-classifiers-Paper.pdf,d96180627c95bc585dcdf2d69d9ce959f9fefbceb4da1b4b9694a2eea616e211,271821,Homomorphic/Theory/Differential Privacy Papers/NIPS-2010-multiparty-differential-privacy-via-aggregation-of-locally-trained-classifiers-Paper.pdf,1
.local-reference-library/homomorphic-research/FHE-MPC notes/Lecture1.pdf,da5d4bd8c81f16a657e898257ebf1aa68d19e190c1e0c937bb01f2cf0850e202,94387,Homomorphic/Theory/FHE-MPC notes/Lecture1.pdf,1
.local-reference-library/homomorphic-research/FHE-MPC notes/Lecture2.pdf,44792a3399147e456f1880d024c7720b6017421961596b4faf302f61a69c9499,96121,Homomorphic/Theory/FHE-MPC notes/Lecture2.pdf,1
.local-reference-library/homomorphic-research/FHE-MPC notes/Lecture3.pdf,75949fa777ff1e1e95433fc0d0f9d8826aa607db49b4a4a86a273bf4b316f53e,78466,Homomorphic/Theory/FHE-MPC notes/Lecture3.pdf,1
.local-reference-library/homomorphic-research/FHE-MPC notes/Lecture4.pdf,2dfbd2d8b0eb884bbeffffad2563d3153d99261f37015f868b36bb96ed3931d2,103645,Homomorphic/Theory/FHE-MPC notes/Lecture4.pdf,1
.local-reference-library/homomorphic-research/FHE-MPC notes/Lecture5.pdf,07ce3b0b22800cc870211651e42f00e524627517290c9e6a2b523857e9b0fb02,77153,Homomorphic/Theory/FHE-MPC notes/Lecture5.pdf,1
.local-reference-library/homomorphic-research/FHE-MPC notes/Lecture6.pdf,5e50cd3890349bee50714500a66b95c8c8371394dd273c23bbce5cb2abb31c15,79630,Homomorphic/Theory/FHE-MPC notes/Lecture6.pdf,1
.local-reference-library/homomorphic-research/FHE-MPC notes/Lecture7.pdf,8784be7c8d13d3217edad822fc503945eb4e3f65e794000851bc39837b4ad86e,100425,Homomorphic/Theory/FHE-MPC notes/Lecture7.pdf,1
.local-reference-library/homomorphic-research/FHE-MPC notes/Lecture8.pdf,975dd7a2d7f7b9e7f67ccde840346be5c399f975e2e7464cbd5e88d159a4218a,68874,Homomorphic/Theory/FHE-MPC notes/Lecture8.pdf,1
.local-reference-library/homomorphic-research/FHE-MPC notes/Lecture9.pdf,556a64a3b3ef3e5285fecd0ee1f27f7105d424dbfd4f03c7c56dcc976af3c5da,93196,Homomorphic/Theory/FHE-MPC notes/Lecture9.pdf,1
.local-reference-library/homomorphic-research/FHE/3538969.3544438.pdf,b30d326caf8003f7bced8c08dd14d9630b51607ef1838a56fe395be88556ad62,565921,Homomorphic/Theory/FHE/3538969.3544438.pdf,1
.local-reference-library/homomorphic-research/FHE/FHE Questions-Answers.odt,ed204da16edc203a315e7d2c9b7d9e7de37280d752cb98e45946ef8199c45a95,32345,Homomorphic/Theory/FHE/FHE Questions-Answers.odt,1
.local-reference-library/homomorphic-research/FHE/HomSigClass.pptx,6234ac4f2edf5f49e33e52100e725299a4d51fba8555447285f04d2495333016,1175686,Homomorphic/Theory/FHE/HomSigClass.pptx,1
.local-reference-library/homomorphic-research/FHE/Lattices/2009-616.pdf,7fb2e597a7b3f9a4bb5d11007329bb6879833a2272ae1aa36f9324ef98576163,366989,Homomorphic/Theory/FHE/Lattices/2009-616.pdf,1
.local-reference-library/homomorphic-research/FHE/Lattices/2011-566.pdf,a74a947706a45a2d919e41dc20bdcce748185a7d80688b6e5717c8eb68cff1dd,530509,Homomorphic/Theory/FHE/Lattices/2011-566.pdf,1
.local-reference-library/homomorphic-research/FHE/Lattices/2013-250.pdf,79c31a0297f73778536370c31158311e8027a3ffa241cbbdd317c5dc146d9529,300904,Homomorphic/Theory/FHE/Lattices/2013-250.pdf,1
.local-reference-library/homomorphic-research/FHE/Lattices/2015-1092.pdf,266c65f5814ecfc9cd4c2dc65edc8768c29ee6462e2b773d95674a8cddbd6934,403335,Homomorphic/Theory/FHE/Lattices/2015-1092.pdf | Homomorphic/Theory/Περασμένα σε LaTeX/Homomorphic Encryption/2015-1092.pdf,2
.local-reference-library/homomorphic-research/FHE/Lattices/2015-939.pdf,1a9802b66031a2b863fd498a5de4a71cdb1bd46ac1d47dc1f4a67ae341357488,703532,Homomorphic/Theory/FHE/Lattices/2015-939.pdf,1
.local-reference-library/homomorphic-research/FHE/Lattices/2016-659.pdf,fc09b10ab451aa9bb2fabd9a41dd28e11aeccc290fe4653edc21314f14b9a994,712628,Homomorphic/Theory/FHE/Lattices/2016-659.pdf,1
.local-reference-library/homomorphic-research/FHE/Lattices/2016-837.pdf,dc2fc4293a0d730670c972c20741f3acae388dd1f7e3948680fd7f777e12b7ad,421081,Homomorphic/Theory/FHE/Lattices/2016-837.pdf,1
.local-reference-library/homomorphic-research/FHE/Lattices/2018-153.pdf,c916601102b9356c884ef33c20d10791f2a36cae9c095708933d300e0ffbfc18,452698,Homomorphic/Theory/FHE/Lattices/2018-153.pdf,1
.local-reference-library/homomorphic-research/FHE/Lattices/2018-244.pdf,eb1175dbdd733bb3c6776b5f1424c9ba61c40ce0c9bcc712389391e3efd29ae0,397508,Homomorphic/Theory/FHE/Lattices/2018-244.pdf,1
.local-reference-library/homomorphic-research/FHE/Lattices/2018-421.pdf,23fa887ff217f14a47763d6711d8c9304a392954751bee11799a223499d393cd,950943,Homomorphic/Theory/FHE/Lattices/2018-421.pdf,1
.local-reference-library/homomorphic-research/FHE/Lattices/2022-704.pdf,d266950337ca8de10de94208975b42a7568c8dd526719335aeea64df965054b5,1221616,Homomorphic/Theory/FHE/Lattices/2022-704.pdf,1
.local-reference-library/homomorphic-research/FHE/Lattices/276698.276705.pdf,0ee6f4aa035b10009a54459d6d2df4bd9d491edeec2940ffeb00e5883ab1d5f2,1322288,Homomorphic/Theory/FHE/Lattices/276698.276705.pdf,1
.local-reference-library/homomorphic-research/he-chapter.pdf,cbc0b6933b391225145ea3e7a6c3f5c59a448079354d6890be99499b8020c7cd,537448,Homomorphic/Theory/FHE/Lattices/he-chapter.pdf | Homomorphic/Theory/he-chapter.pdf,2
.local-reference-library/homomorphic-research/FHE/Lattices/qcrypto.pdf,15cfcb652725246f647a07bf9e993e723daa9207270fb688d342afbf51a0a656,644195,Homomorphic/Theory/FHE/Lattices/qcrypto.pdf,1
.local-reference-library/homomorphic-research/FHE/Lattices/The approximate common divisor problem _ COSIC.pdf,56819e399ba27989ce4fc5be5f06d1cc3ecf4dec7f7477488e7c036d8544e904,214622,Homomorphic/Theory/FHE/Lattices/The approximate common divisor problem _ COSIC.pdf,1
.local-reference-library/homomorphic-research/FHE/Lattices/The LLL Algorithm_ Survey and Applications [Nguyen & Valée 2009-12-02].pdf,caf603ebb52a35aaa27d3b9cc1098b70520ad110ba0f34212d81641f1546d95e,7202196,Homomorphic/Theory/FHE/Lattices/The LLL Algorithm_ Survey and Applications [Nguyen & Valée 2009-12-02].pdf,1
.local-reference-library/homomorphic-research/FHE/Lattices/whitepaper.pdf,6b5c1abee7b26b77573c361b03b3283a887babfc0e3cf9efb27c1ae70300455a,301500,Homomorphic/Theory/FHE/Lattices/whitepaper.pdf,1
.local-reference-library/homomorphic-research/FHE/When Homomorphism Becomes a Liability.pdf,1d6fb01ef8c9e13b256c2d13c6a9e4b6963104064f57d2d0340bf4606d96f6ad,125875,Homomorphic/Theory/FHE/When Homomorphism Becomes a Liability.pdf,1
.local-reference-library/homomorphic-research/Homo+ML/1-s2.0-S0167404821002261-main.pdf,6434e10633dafc8e11065d4370c6f698e6060fc1bdb8f67ccf9379c3d70b3c3d,2841925,Homomorphic/Theory/Homo+ML/1-s2.0-S0167404821002261-main.pdf,1
.local-reference-library/homomorphic-research/Homo+ML/107442_MADI_2022_archivage.pdf,a0a0a19fd684457eff2de3e2f41b07113ce36ffd698ac238be4fa0172dbfc251,2587840,Homomorphic/Theory/Homo+ML/107442_MADI_2022_archivage.pdf,1
.local-reference-library/homomorphic-research/Homo+ML/2022.findings-acl.277.pdf,ddb41479c203bc5c4506795f6c504e1bc4904f41194be0374048db9944e2e28f,1230252,Homomorphic/Theory/Homo+ML/2022.findings-acl.277.pdf,1
.local-reference-library/homomorphic-research/Homo+ML/2112.12855v2.pdf,aeefcaaff34c6232f16d2b3eb12f229c099256e4a4b816608cf47c93abc4e14a,298693,Homomorphic/Theory/Homo+ML/2112.12855v2.pdf,1
.local-reference-library/homomorphic-research/Homo+ML/3133956.3133982.pdf,b9d7ae729165b4aeb7bf4999ce820c537125bc1a74b1d800ba4d055061d0e0b8,1760410,Homomorphic/Theory/Homo+ML/3133956.3133982.pdf,1
.local-reference-library/homomorphic-research/Homo+ML/A_study_on_Privacy_Preserving_Federated_Learning_and_enhancement_through_Transfer_Learning.pdf,faa16989c6a40fb6e12442de66ed05e9df38f015959bf03412b6af8a8e2fa1e9,1469331,Homomorphic/Theory/Homo+ML/A_study_on_Privacy_Preserving_Federated_Learning_and_enhancement_through_Transfer_Learning.pdf,1
.local-reference-library/homomorphic-research/Homo+ML/entropy-24-01545-v2.pdf,c8bb5d13b7ce828f95e8218109c7398259b4198051604b77dc3dab3a42f5185f,407196,Homomorphic/Theory/Homo+ML/entropy-24-01545-v2.pdf,1
.local-reference-library/homomorphic-research/Homo+ML/futureinternet-13-00094.pdf,b2f8f8b50e119d770e11b10e696820848524ab888051fbca3a604a2bc7174545,866303,Homomorphic/Theory/Homo+ML/futureinternet-13-00094.pdf,1
.local-reference-library/homomorphic-research/Homo+ML/phong2018.pdf,9944498f3234d15fc6068a4f5c7b3dd73b6af4ba72820a969ee047471c94e756,2410948,Homomorphic/Theory/Homo+ML/phong2018.pdf,1
.local-reference-library/homomorphic-research/KSS09SPEED.pdf,4ff4052105016c9c035291056c6fd72b19d2596f37bfa76725c51879194c64ef,1005399,Homomorphic/Theory/KSS09SPEED.pdf,1
.local-reference-library/homomorphic-research/MFHE/2023-642.pdf,44c5e13a97709ef3e02a0389217cd42c95ec54ce347ed68dc64c5b5d807f4b7a,654866,Homomorphic/Theory/MFHE/2023-642.pdf,1
.local-reference-library/homomorphic-research/MPC + HE/popets-2021-0071.pdf,651b8ac54826dea706d8b294e866eea4a63716c6127a805713a12a7161c9db72,762214,Homomorphic/Theory/MPC + HE/popets-2021-0071.pdf,1
.local-reference-library/homomorphic-research/pictures from homomorphic meeting/1.PNG,6a26c13055c74ad09d63b25823a72c3efc7e9728c1e9d021d4fb48c1458774fe,662464,Homomorphic/Theory/pictures from homomorphic meeting/1.PNG,1
.local-reference-library/homomorphic-research/pictures from homomorphic meeting/Capture.PNG,589c40da0abaf936c7c16d4f623d1dd3731617d9ec6f802dc9523e64ad7e9684,658604,Homomorphic/Theory/pictures from homomorphic meeting/Capture.PNG,1
.local-reference-library/homomorphic-research/pictures from homomorphic meeting/Capture2.PNG,f0c3f557103759dc4ba8fecb8f53f2898cb353ceb970d376f8aec00e841e769d,453568,Homomorphic/Theory/pictures from homomorphic meeting/Capture2.PNG,1
.local-reference-library/homomorphic-research/pictures from homomorphic meeting/Capture3.PNG,43828074ed87624f4eac2bdd87cfc4d6aae120e53047102b56314551ed30c3e7,154716,Homomorphic/Theory/pictures from homomorphic meeting/Capture3.PNG,1
.local-reference-library/homomorphic-research/pictures from homomorphic meeting/Capture4.PNG,cf16f66ce334416058fbac94479494c1599e527fcd9b2d484e0111daeb567dcc,640480,Homomorphic/Theory/pictures from homomorphic meeting/Capture4.PNG,1
.local-reference-library/homomorphic-research/pictures from homomorphic meeting/Capture5.PNG,55370c01b397466aaf24cac8dc60b582d68a744b7ea887b06975174488094b55,1097903,Homomorphic/Theory/pictures from homomorphic meeting/Capture5.PNG,1
.local-reference-library/homomorphic-research/Presentations/2020-11 - Intro to FHE - Pascal Paillier.pdf,7f7bd29ab314c3657371fa72f53fc1de6b7d90629ad3b418045d0289ba156bdc,10707664,Homomorphic/Theory/Presentations/2020-11 - Intro to FHE - Pascal Paillier.pdf,1
.local-reference-library/homomorphic-research/Presentations/PETS21_-_MHE_from_RLWE.pdf,be743298ecd029dd8bb6eea4e5e2431c63b69acfec65e1fc7424cce8346a4e85,1361033,Homomorphic/Theory/Presentations/PETS21_-_MHE_from_RLWE.pdf,1
.local-reference-library/homomorphic-research/Presentations/raluca.pdf,76be4dfbcf81f98b5ebe636d3f912032b046d61e4b5f56de611547f06b9ea1de,1930970,Homomorphic/Theory/Presentations/raluca.pdf,1
.local-reference-library/homomorphic-research/QFHE SCHEMES/10.1.1.736.2716.pdf,342f62f87d6e63222a78d729fca7c957fac349afa0fba76de65b902a19d39dc6,748775,Homomorphic/Theory/QFHE SCHEMES/10.1.1.736.2716.pdf,1
.local-reference-library/homomorphic-research/QFHE SCHEMES/1204.3370.pdf,e88a7afb1a2d08c2155b6a539f8d58d91755ded4bf8d1a7b644bf25a498065d1,504764,Homomorphic/Theory/QFHE SCHEMES/1204.3370.pdf,1
.local-reference-library/homomorphic-research/QFHE SCHEMES/1411.5254.pdf,fe633efdefc59e7e551b6958cd2276c06dae6a25bdcb80b5252d70911a848e51,618001,Homomorphic/Theory/QFHE SCHEMES/1411.5254.pdf | Homomorphic/Theory/Περασμένα σε LaTeX/homomorphic schemes/post quantum/1411.5254.pdf,2
.local-reference-library/homomorphic-research/QFHE SCHEMES/1603.09717.pdf,d9b4c68a962fe7dbd76e8a60c2bec6f16d5fcca08a40e23a010d9fdffffc5645,722219,Homomorphic/Theory/QFHE SCHEMES/1603.09717.pdf | Homomorphic/Theory/Quantum Homomorphic Encryption/Quantum homomorphic encryption for.pdf,2
.local-reference-library/homomorphic-research/QFHE SCHEMES/1708.02130.pdf,98d791440517d477ba881b7191a92d83e73cca9f3dafba5e58d58b4226c66568,351824,Homomorphic/Theory/QFHE SCHEMES/1708.02130.pdf,1
.local-reference-library/homomorphic-research/QFHE SCHEMES/1708.09156.pdf,4824d33a55d7f05787cd19936c3f8c83267851911ff01240609207b65e96ae55,674804,Homomorphic/Theory/QFHE SCHEMES/1708.09156.pdf,1
.local-reference-library/homomorphic-research/QFHE SCHEMES/1803.10246.pdf,f38e612c351634899c5bf1b73f3a7e593470092e60e54a5b9f2f23bce0ea6d64,1246201,Homomorphic/Theory/QFHE SCHEMES/1803.10246.pdf,1
.local-reference-library/homomorphic-research/QFHE SCHEMES/Schaffner_QFHE_QuICS2017.pptx,e1952fe3e57f01fa0a1e20abd54486921723c0ebee2e0ee8be8fe475aec6bdc4,2860718,Homomorphic/Theory/QFHE SCHEMES/Schaffner_QFHE_QuICS2017.pptx,1
.local-reference-library/homomorphic-research/Quantum Homomorphic Encryption/A quantum approach to homomorphic encryption.pdf,7fae9f91241369bd97dd91da902defb95d992e0d1323d0bd699cd42eeaef96f1,397667,Homomorphic/Theory/Quantum Homomorphic Encryption/A quantum approach to homomorphic encryption.pdf,1
.local-reference-library/homomorphic-research/Περασμένα σε LaTeX/homomorphic schemes/post quantum/1810.01166.pdf,6bd28dc0591de36f2374c254669106e63e42af3a5a1ee142015e5c9433945bf5,504117,Homomorphic/Theory/Quantum Homomorphic Encryption/A quantum homomorphic encryption scheme for polynomial-sized circuits.pdf | Homomorphic/Theory/Περασμένα σε LaTeX/homomorphic schemes/post quantum/1810.01166.pdf,2
.local-reference-library/homomorphic-research/Quantum Homomorphic Encryption/Classical Homomorphic Encryption for Quantum.pdf,9bc971112aa0a363abb620028ecef7c067148e5840b76be8e8b3b2e34781f10a,161772,Homomorphic/Theory/Quantum Homomorphic Encryption/Classical Homomorphic Encryption for Quantum.pdf,1
.local-reference-library/homomorphic-research/Quantum Homomorphic Encryption/Experimental Demonstration of Quantum Fully Homomorphic Encryption.pdf,1869406dcbceb21d9a1578750da1f4dfb24ff4da89e214b4d447f8056f04e35a,4052439,Homomorphic/Theory/Quantum Homomorphic Encryption/Experimental Demonstration of Quantum Fully Homomorphic Encryption.pdf,1
.local-reference-library/homomorphic-research/Περασμένα σε LaTeX/homomorphic schemes/post quantum/s41534-020-00340-8.pdf,079f910198533a958dde3ed21c6c06e38fa8a406f5bb8018ed87ed89df387593,2190475,Homomorphic/Theory/Quantum Homomorphic Encryption/Experimental quantum homomorphic encryption.pdf | Homomorphic/Theory/Περασμένα σε LaTeX/homomorphic schemes/post quantum/s41534-020-00340-8.pdf,2
.local-reference-library/homomorphic-research/Quantum Homomorphic Encryption/Grover algorithm-based quantum homomorphic.pdf,73813dd60ea6205d7b68b1c4d3f75724b75a5634eda543c3265c17460f6ba463,1008216,Homomorphic/Theory/Quantum Homomorphic Encryption/Grover algorithm-based quantum homomorphic.pdf,1
.local-reference-library/homomorphic-research/Quantum Homomorphic Encryption/Homomorphic Encryption From Scratch To.pdf,0b2f11659f379cde46e4f249dea5169274405bbe6ed603b99f3787a0708cf8dc,257521,Homomorphic/Theory/Quantum Homomorphic Encryption/Homomorphic Encryption From Scratch To.pdf,1
.local-reference-library/homomorphic-research/Quantum Homomorphic Encryption/HOMOMORPHIC ENCRYPTION OF.pdf,3520807f084be7e93bc1c4990413bcce17ea71cefe534bb63aba765033491641,4816641,Homomorphic/Theory/Quantum Homomorphic Encryption/HOMOMORPHIC ENCRYPTION OF.pdf,1
.local-reference-library/homomorphic-research/Περασμένα σε LaTeX/homomorphic schemes/post quantum/fhe-karp.pdf,e8ebd1e89bbf4c6360ec44280160ee6cc535189857bd70af6c28bac9f6d59d3f,653515,"Homomorphic/Theory/Quantum Homomorphic Encryption/Lattices, Post-Quantum Security,.pdf | Homomorphic/Theory/Περασμένα σε LaTeX/homomorphic schemes/post quantum/fhe-karp.pdf",2
.local-reference-library/homomorphic-research/Quantum Homomorphic Encryption/LimitationsOnHomomorphicEncryption.pdf,c55d50f07c13bb6aa88fc668671af5bfed83623acd150d54be8e97fa633340eb,290038,Homomorphic/Theory/Quantum Homomorphic Encryption/LimitationsOnHomomorphicEncryption.pdf,1
.local-reference-library/homomorphic-research/Quantum Homomorphic Encryption/memoria.pdf,c124614dc38a1b6dcff08cc0176dda74e40ba29780848c632c3803bdce07e085,545101,Homomorphic/Theory/Quantum Homomorphic Encryption/memoria.pdf,1
.local-reference-library/homomorphic-research/Quantum Homomorphic Encryption/Privacy-preserving computation in the post-quantum era.pdf,004cc2343e9e8b668d6699bceb5573aebf51eaff0d61a2e155c15b1fd6e25606,113807,Homomorphic/Theory/Quantum Homomorphic Encryption/Privacy-preserving computation in the post-quantum era.pdf,1
.local-reference-library/homomorphic-research/Quantum Homomorphic Encryption/Quantum Homomorphic Encryption a Survey.pdf,ba8c2918cca92e700aa6911055d9f0b661c5b0ebd7b0af3681d7e3b2108ff84e,153957,Homomorphic/Theory/Quantum Homomorphic Encryption/Quantum Homomorphic Encryption a Survey.pdf,1
.local-reference-library/homomorphic-research/Quantum Homomorphic Encryption/Quantum Homomorphic Encryption Based on.pdf,d8fced8ea03b787ae6883a16650f009e4c791f4738a221341d65e07844e8a1a2,182760,Homomorphic/Theory/Quantum Homomorphic Encryption/Quantum Homomorphic Encryption Based on.pdf,1
.local-reference-library/homomorphic-research/Quantum Homomorphic Encryption/Quantum homomorphic encryption for polynomial-sized circuits (extended abstract).pdf,966c9387f4314066a038534fe15e388403775bb3db23a7f503250d1c8b53202c,180433,Homomorphic/Theory/Quantum Homomorphic Encryption/Quantum homomorphic encryption for polynomial-sized circuits (extended abstract).pdf,1
.local-reference-library/homomorphic-research/Περασμένα σε LaTeX/homomorphic schemes/post quantum/1508.00938.pdf,6c13396b3b601819d007ede13aa3b3632a4a656e722debd9a6be49116ced0872,614089,Homomorphic/Theory/Quantum Homomorphic Encryption/Quantum homomorphic encryption from quantum codes.pdf | Homomorphic/Theory/Περασμένα σε LaTeX/homomorphic schemes/post quantum/1508.00938.pdf,2
".local-reference-library/homomorphic-research/Quantum Homomorphic Encryption/Quantum homomorphic encryption scheme with flexible number of evaluator based on ( k, n )-threshold quantum state sharing.pdf",59dbfa1d7363474510e12beb775e5b43b2e660a93b4dfa40f2f323e1f18e526f,621594,"Homomorphic/Theory/Quantum Homomorphic Encryption/Quantum homomorphic encryption scheme with flexible number of evaluator based on ( k, n )-threshold quantum state sharing.pdf",1
.local-reference-library/homomorphic-research/Quantum Homomorphic Encryption/Quantum Homomorphic Encryption.7z,80dac81a467607979d49d3ebe110e9f37eee5b741be671923b76b887ac0d84d0,18572619,Homomorphic/Theory/Quantum Homomorphic Encryption/Quantum Homomorphic Encryption.7z,1
.local-reference-library/homomorphic-research/Quantum Homomorphic Encryption/QUANTUM HOMOMORPHIC ENCRYPTION.pdf,4c0d88cac5f9d7c0f05ce3cdb3d51e7bdd2791243c4819487c1c0652b186164d,1615673,Homomorphic/Theory/Quantum Homomorphic Encryption/QUANTUM HOMOMORPHIC ENCRYPTION.pdf,1
.local-reference-library/homomorphic-research/Quantum Homomorphic Encryption/Quantum Search on Encrypted.pdf,66daa4c87dacb9db476cb91019080190b64413bcf62a04af8e7e4dd8d563fafd,1512242,Homomorphic/Theory/Quantum Homomorphic Encryption/Quantum Search on Encrypted.pdf,1
.local-reference-library/homomorphic-research/Quantum Homomorphic Encryption/Randomly Choose an Angle from Immense.pdf,c63e7a7eebb3691c59e543edf5fcd3796ee9106d9577473ed0df269f4ae8ce25,770492,Homomorphic/Theory/Quantum Homomorphic Encryption/Randomly Choose an Angle from Immense.pdf,1
.local-reference-library/homomorphic-research/Quantum Homomorphic Encryption/Rate-1 Quantum Fully Homomorphic Encryption.pdf,75abdb4e0d4d7d181c30f6ae1e028ba73d6c77c556510045637a9fc6f4b6886e,357090,Homomorphic/Theory/Quantum Homomorphic Encryption/Rate-1 Quantum Fully Homomorphic Encryption.pdf,1
.local-reference-library/homomorphic-research/Quantum Homomorphic Encryption/SECURE ASSISTED QUANTUM COMPUTATION.pdf,a03df4c2220af6bed77d02ffa1258998906266c6606df5840341294a96c9e6de,196569,Homomorphic/Theory/Quantum Homomorphic Encryption/SECURE ASSISTED QUANTUM COMPUTATION.pdf,1
.local-reference-library/homomorphic-research/Quantum Homomorphic Encryption/T-FG-QIT4N-2021-D1.1-PDF-E.pdf,8f7ca5fcb407489d461ad9ab9b8d5b8ae5a5981857e6a17a5c233fa9146d06ab,318181,Homomorphic/Theory/Quantum Homomorphic Encryption/T-FG-QIT4N-2021-D1.1-PDF-E.pdf,1
.local-reference-library/homomorphic-research/Randoms/A_Secure_and_High_Visual-Quality_Framework_for_Medical_Images_by_Contrast-Enhancement_Reversible_Data_Hiding_and_Homomorphic_Encryption.pdf,55dac7ffe64377a4d524aaa0dafcff93e822496e6136b8df70640e6b8ee155f1,23187139,Homomorphic/Theory/Randoms/A_Secure_and_High_Visual-Quality_Framework_for_Medical_Images_by_Contrast-Enhancement_Reversible_Data_Hiding_and_Homomorphic_Encryption.pdf,1
.local-reference-library/homomorphic-research/Randoms/abadi2016.pdf,d07223cf35ef62f99366ec998b15a8abf1180fe1f0a3d565495d29ebcb19a590,714624,Homomorphic/Theory/Randoms/abadi2016.pdf,1
.local-reference-library/homomorphic-research/Randoms/an-efficient-approach-based-on-privacy-preserving-deep-learning-for-satellite-image.pdf,6a2773095dcd92d05fdc5ed3efb338fbc39667eb296c730cc7ab77e4d6e93f33,6580952,Homomorphic/Theory/Randoms/an-efficient-approach-based-on-privacy-preserving-deep-learning-for-satellite-image.pdf,1
.local-reference-library/homomorphic-research/Randoms/computers-08-00003.pdf,4aab39d467300215ba6dc6ebb8f74c0e0c7caf5fab4c616ab8cd58ab189f362b,8641316,Homomorphic/Theory/Randoms/computers-08-00003.pdf,1
.local-reference-library/homomorphic-research/Randoms/document.pdf,33d1ba5bc98c3b044dc81303cead89403deb13ccf362ee7558802b895b4432ea,491430,Homomorphic/Theory/Randoms/document.pdf,1
.local-reference-library/homomorphic-research/Randoms/Encrypted federated learning for secure decentralized.pdf,20134080e4663f6c3905fe2b7c141d3fdb4682d6fa8b1e8dcbedbdb736349347,1665822,Homomorphic/Theory/Randoms/Encrypted federated learning for secure decentralized.pdf,1
.local-reference-library/homomorphic-research/Randoms/Homomorphic_Encryption-based_Privacy-preserving_Federated_Learning_in_IoT-enabled_Healthcare_System.pdf,b9159167cb265f73cbf0e63ef275eac7d1e73dbbe8beccbde1b79888769651bd,1892592,Homomorphic/Theory/Randoms/Homomorphic_Encryption-based_Privacy-preserving_Federated_Learning_in_IoT-enabled_Healthcare_System.pdf,1
.local-reference-library/homomorphic-research/Randoms/Homomorphic_Encryption_Based_Privacy-Preservation_.pdf,9d1486a6051ff27d98312a732bfb3716753a83effc4b4376078fe1b224950c1f,2109817,Homomorphic/Theory/Randoms/Homomorphic_Encryption_Based_Privacy-Preservation_.pdf | Homomorphic/Theory/Περασμένα σε LaTeX/Homomorphic Encryption/applsci-11-08757-v2.pdf,2
.local-reference-library/homomorphic-research/Randoms/lin2020.pdf,ecd8de122e991d5505ec3f2d2fef40068bf6b07211f27781fce5fc8622a91a61,1809580,Homomorphic/Theory/Randoms/lin2020.pdf,1
.local-reference-library/homomorphic-research/Randoms/mcmahan17a.pdf,a7a8e2e3e437855c1efb53fe8f35f645eae7735fe9b6ac1f656a62004dbf5146,763853,Homomorphic/Theory/Randoms/mcmahan17a.pdf,1
.local-reference-library/homomorphic-research/Randoms/Privacy Preservation of Data-Driven Models in Smart.pdf,79b3302aad36dca9ea862e21d15e2799be6dad980fc8c47bf98434152ac102e4,1756175,Homomorphic/Theory/Randoms/Privacy Preservation of Data-Driven Models in Smart.pdf,1
.local-reference-library/homomorphic-research/Randoms/remotesensing-14-04631-v2.pdf,11b9ff8c9b7523281e70098901b0ab2e945e7a0241700821e461b20061acc876,3049048,Homomorphic/Theory/Randoms/remotesensing-14-04631-v2.pdf,1
.local-reference-library/homomorphic-research/Randoms/s12910-022-00852-2.pdf,090409cf2328a22ed4da7bf13aaa666649c62076ce5c85ffc30606e4fde0c0ba,1193077,Homomorphic/Theory/Randoms/s12910-022-00852-2.pdf,1
.local-reference-library/homomorphic-research/Randoms/s13389-022-00299-6.pdf,9e080501db394878fff70df8706752d055d5ef4b461a3c6bbcda7c7765ce8afe,973207,Homomorphic/Theory/Randoms/s13389-022-00299-6.pdf,1
.local-reference-library/homomorphic-research/Randoms/s42256-020-0186-1.pdf,f18cc62557eca51c674fb680dc4f0a9a452aba3e0f21d6e5471cbe7278055a83,1163893,Homomorphic/Theory/Randoms/s42256-020-0186-1.pdf,1
.local-reference-library/homomorphic-research/Randoms/s42256-021-00337-8.pdf,c90b00145233b06cf4749ee40db95f646b92e6e195fb068f5b37bedc239436dc,3286711,Homomorphic/Theory/Randoms/s42256-021-00337-8.pdf,1
.local-reference-library/homomorphic-research/ScienceDirect_articles_22Dec2022_11-13-10.885.zip,aa6a3205679cb121354c97b44bf1f5c3ee95d23396134612458fce395fdf8465,18686950,Homomorphic/Theory/ScienceDirect_articles_22Dec2022_11-13-10.885.zip,1
.local-reference-library/homomorphic-research/Tex Homo + ML/NOHOMO.pdf,d5bf6ff5accc2e70cbbf17c6aa016394dfef4e8af160affc1bd9891b8b33a91e,280535,Homomorphic/Theory/Tex Homo + ML/NOHOMO.pdf,1
.local-reference-library/homomorphic-research/Tex Homo + ML/NOHOMO.tex,8d9efde00d27fa0628f368095b1115ab4edc29aa5568b2f8bf7dfcd0dd45e399,6895,Homomorphic/Theory/Tex Homo + ML/NOHOMO.tex,1
.local-reference-library/homomorphic-research/Tex Homo + ML/sections/01-Introduction.tex,0cff9016c937c7b975f379f7bdc53301b52372a7aea63e0f8cb50773763f2522,34427,Homomorphic/Theory/Tex Homo + ML/sections/01-Introduction.tex,1
.local-reference-library/homomorphic-research/Περασμένα σε LaTeX/1909.09731.pdf,21ebc44a766cd6cef548c92a70a0158ab9b6a0d9aa8ba42dee61d702fe4ea235,1465250,Homomorphic/Theory/Περασμένα σε LaTeX/1909.09731.pdf,1
.local-reference-library/homomorphic-research/Περασμένα σε LaTeX/Co6GC_ Finding short vectors in lattices _ COSIC.pdf,893cb7d9d584ee5e6dc7cada80b6cb527fac15bb6d388f827673faa0a9f5433f,319943,Homomorphic/Theory/Περασμένα σε LaTeX/Co6GC_ Finding short vectors in lattices _ COSIC.pdf,1
.local-reference-library/homomorphic-research/Περασμένα σε LaTeX/CO6GC_ Homomorphic encryption (part 1)_ computing with secrets _ COSIC.pdf,3ba07b36b63b67f9912f5704da7544a719a363a2402f43cae13ba8f236318400,399255,Homomorphic/Theory/Περασμένα σε LaTeX/CO6GC_ Homomorphic encryption (part 1)_ computing with secrets _ COSIC.pdf,1
.local-reference-library/homomorphic-research/Περασμένα σε LaTeX/Co6GC_ Introduction to Lattice-based Cryptography (Part 1) _ COSIC.pdf,49d617aae817f42de2275eb6064996643e75b00c091cd97c454c2ea897c1d568,417027,Homomorphic/Theory/Περασμένα σε LaTeX/Co6GC_ Introduction to Lattice-based Cryptography (Part 1) _ COSIC.pdf,1
.local-reference-library/homomorphic-research/Περασμένα σε LaTeX/Co6GC_ Introduction to Lattice-based Cryptography (Part 2)_ LWE encryption _ COSIC.pdf,f73391b099a3f36e933638271f90265c26bb785d95a87a041d7435020c99ec08,190751,Homomorphic/Theory/Περασμένα σε LaTeX/Co6GC_ Introduction to Lattice-based Cryptography (Part 2)_ LWE encryption _ COSIC.pdf,1
.local-reference-library/homomorphic-research/Περασμένα σε LaTeX/Cryptonets.pdf,51bd6547a28d546b395b707ecd8ecf8d64e7cfbc6cae820600fdb2cf8080c307,262702,Homomorphic/Theory/Περασμένα σε LaTeX/Cryptonets.pdf,1
.local-reference-library/homomorphic-research/Περασμένα σε LaTeX/easy-fhe.pdf,0006d958c6c7f6772c27346d1535fe6c870660646038310eb1a00d7fe9cb7569,201016,Homomorphic/Theory/Περασμένα σε LaTeX/easy-fhe.pdf,1
.local-reference-library/homomorphic-research/Περασμένα σε LaTeX/homo theses/107442_MADI_2022_archivage.pdf,3518d7aaeeedad180e646273d2e86edf85d9063b09a273c2c610a20758408216,2980753,Homomorphic/Theory/Περασμένα σε LaTeX/homo theses/107442_MADI_2022_archivage.pdf,1
.local-reference-library/homomorphic-research/Περασμένα σε LaTeX/homo theses/2018IMTA0073_Bonnoron-Guillaume.pdf,ac883e16aca14574a36530f8767cacc992a817e9c533d9cd90ba18f2fecb97dc,2288665,Homomorphic/Theory/Περασμένα σε LaTeX/homo theses/2018IMTA0073_Bonnoron-Guillaume.pdf,1
.local-reference-library/homomorphic-research/Περασμένα σε LaTeX/homo theses/2018SORUS080.pdf,16b61a869d2b3b027c50e84c36de68c21a0cfb5309626812b9da08667ee8472a,3214731,Homomorphic/Theory/Περασμένα σε LaTeX/homo theses/2018SORUS080.pdf,1
.local-reference-library/homomorphic-research/Περασμένα σε LaTeX/homo theses/77922_CATHEBRAS_2018_archivage.pdf,7cee2bc6767a0047e0ad15f9855d688d8e7618fee37051eaf2af6664a83f12c0,2227682,Homomorphic/Theory/Περασμένα σε LaTeX/homo theses/77922_CATHEBRAS_2018_archivage.pdf,1
.local-reference-library/homomorphic-research/Περασμένα σε LaTeX/homo theses/97634_ZUBER_2020_archivage.pdf,2aa1871ede34f9476735953db174d732583bcbed8479f1536fede6ca059de0fd,1867094,Homomorphic/Theory/Περασμένα σε LaTeX/homo theses/97634_ZUBER_2020_archivage.pdf,1
.local-reference-library/homomorphic-research/Περασμένα σε LaTeX/homo theses/Crawford_JLH_PhD_final_140420.pdf,faaa8e791dc74aba03592764e7c62585e18ca32004f31223aba6dd71eb80a0ac,960840,Homomorphic/Theory/Περασμένα σε LaTeX/homo theses/Crawford_JLH_PhD_final_140420.pdf,1
.local-reference-library/homomorphic-research/Περασμένα σε LaTeX/homo theses/diss.pdf,57323f319d0fb67adba57a9cd547fff2b7787f787c2a2bcbce6bb4003ced3093,2347312,Homomorphic/Theory/Περασμένα σε LaTeX/homo theses/diss.pdf,1
.local-reference-library/homomorphic-research/Περασμένα σε LaTeX/homo theses/EPFL_TH8263.pdf,f6948c5759775b0d2a04ba405fb22ac689ca75acb64b7d8fab364ae9fbee1dd8,14524846,Homomorphic/Theory/Περασμένα σε LaTeX/homo theses/EPFL_TH8263.pdf,1
.local-reference-library/homomorphic-research/Περασμένα σε LaTeX/homo theses/Full_Dissertation_TwanKeijzer.pdf,7f2382581bc3a50111083ebcd95b8fe4415b7282f129875aba14d3140208ddb5,5401545,Homomorphic/Theory/Περασμένα σε LaTeX/homo theses/Full_Dissertation_TwanKeijzer.pdf,1
.local-reference-library/homomorphic-research/Περασμένα σε LaTeX/homo theses/Key-Recovery Attacks Against Somewhat Homomorphic Encryption Schemes.pdf,68d6af1e933b50f6582cf22d34d29d3817cf3b656560a9ed28b58425dd6a3d0c,1628693,Homomorphic/Theory/Περασμένα σε LaTeX/homo theses/Key-Recovery Attacks Against Somewhat Homomorphic Encryption Schemes.pdf,1
.local-reference-library/homomorphic-research/Περασμένα σε LaTeX/homo theses/Minelli-2018-These.pdf,17d776aaaa68f981ba15ef2cefb1eb03624e4385b29b54681b8fe49b674783c9,3562641,Homomorphic/Theory/Περασμένα σε LaTeX/homo theses/Minelli-2018-These.pdf,1
.local-reference-library/homomorphic-research/Περασμένα σε LaTeX/homo theses/qt7db3z57n.pdf,9995d161702df8122ba0959e6b69af277d14bad1abed961a6b6378b2dbca0797,881969,Homomorphic/Theory/Περασμένα σε LaTeX/homo theses/qt7db3z57n.pdf,1
.local-reference-library/homomorphic-research/Περασμένα σε LaTeX/homo theses/thesis_hilder_vitor_lima_pereira.pdf,f85b43d2fda495a9cdfb95631941bb54e25ba5a64efec4edb469a794df4c20c4,1158775,Homomorphic/Theory/Περασμένα σε LaTeX/homo theses/thesis_hilder_vitor_lima_pereira.pdf,1
.local-reference-library/homomorphic-research/Περασμένα σε LaTeX/Homomorphic Encryption/2019-1234.pdf,b3bde39d7ad6edcb80bd3c311a0dbe5ac3c87ed8f6b4aef797925d7e645ab222,795008,Homomorphic/Theory/Περασμένα σε LaTeX/Homomorphic Encryption/2019-1234.pdf,1
.local-reference-library/homomorphic-research/Περασμένα σε LaTeX/Homomorphic Encryption/2020-636.pdf,c33de6c3c5ec5d85826d03feecf81643d3cca4e73b11d6da46041fe191f67761,422828,Homomorphic/Theory/Περασμένα σε LaTeX/Homomorphic Encryption/2020-636.pdf,1
.local-reference-library/homomorphic-research/Περασμένα σε LaTeX/Homomorphic Encryption/978-3-642-29011-4_29.pdf,fa3309f37ef782b62a344d9a053d4acd6c313b216a0a0eb107ee7f830fc205d8,334689,Homomorphic/Theory/Περασμένα σε LaTeX/Homomorphic Encryption/978-3-642-29011-4_29.pdf,1
.local-reference-library/homomorphic-research/Περασμένα σε LaTeX/Homomorphic Encryption/TR16-205.pdf,3538ee5890e00d9bdc0004221108f6c87aa651eea9c0fd1a12738852f1bc9de4,857693,Homomorphic/Theory/Περασμένα σε LaTeX/Homomorphic Encryption/TR16-205.pdf,1
.local-reference-library/homomorphic-research/Περασμένα σε LaTeX/homomorphic schemes/2017-700.pdf,9b10b3c8fcb0d53eead1d68fbcf968379de3a6faa04b8c4b0eb6ea75df16713b,411184,Homomorphic/Theory/Περασμένα σε LaTeX/homomorphic schemes/2017-700.pdf,1
.local-reference-library/homomorphic-research/Περασμένα σε LaTeX/homomorphic schemes/2202.02960.pdf,51184f4c5de27b6a46e17a02d97c16ce8e3405c251ba306c62ca4363c3d28b1f,1208235,Homomorphic/Theory/Περασμένα σε LaTeX/homomorphic schemes/2202.02960.pdf,1
.local-reference-library/homomorphic-research/Περασμένα σε LaTeX/homomorphic schemes/post quantum/1902.10972.pdf,60226a5e3e2d0d70436f329a1c08a30c766911452aba92fe79377eccdafeeabe,592564,Homomorphic/Theory/Περασμένα σε LaTeX/homomorphic schemes/post quantum/1902.10972.pdf,1
.local-reference-library/homomorphic-research/Περασμένα σε LaTeX/homomorphic schemes/post quantum/2011-277.pdf,3a09cfaa3a9199f14c8e5fa6d13736f217312ed05e8d42cb590e0bcd07b04f96,434539,Homomorphic/Theory/Περασμένα σε LaTeX/homomorphic schemes/post quantum/2011-277.pdf,1
.local-reference-library/homomorphic-research/Περασμένα σε LaTeX/homomorphic schemes/post quantum/2014-039.pdf,4151eb3773b18f55aaa8db7e227672e23949a206b9ddd42e754ca1c91ef537e1,362225,Homomorphic/Theory/Περασμένα σε LaTeX/homomorphic schemes/post quantum/2014-039.pdf,1
.local-reference-library/homomorphic-research/Περασμένα σε LaTeX/homomorphic schemes/post quantum/nwab115.pdf,80ad3d53b3c25f1d8f8e8e03b8b78ad24f8b081b85f1827a3c6ad42c947b5fff,113809,Homomorphic/Theory/Περασμένα σε LaTeX/homomorphic schemes/post quantum/nwab115.pdf,1
.local-reference-library/homomorphic-research/Περασμένα σε LaTeX/homomorphic schemes/YHu.pdf,61c6fd368145516d0c7d341d1a71816f96ac034415f5b9388d49ba987d78f32d,708352,Homomorphic/Theory/Περασμένα σε LaTeX/homomorphic schemes/YHu.pdf,1
.local-reference-library/homomorphic-research/Περασμένα σε LaTeX/Private AI.pdf,bcfbbfe531195a454f331962a096a4b489bbd118bd16d7d2e63c090e1759d51b,903694,Homomorphic/Theory/Περασμένα σε LaTeX/Private AI.pdf,1
.local-reference-library/homomorphic-research/Περασμένα σε LaTeX/raluca-cryptdb.pdf,624662a996f77ec702a1ddbd6349861eb2a80e1d8c0c54de36979f020af02783,359092,Homomorphic/Theory/Περασμένα σε LaTeX/raluca-cryptdb.pdf,1
.local-reference-library/homomorphic-research/Περασμένα σε LaTeX/rothblum.pdf,40a02e254452b737c0cf0cce5bff367470ad92c1dc7e02fcb655c5c6b744aac9,1841856,Homomorphic/Theory/Περασμένα σε LaTeX/rothblum.pdf,1
.local-reference-library/homomorphic-research/Περασμένα σε LaTeX/Surveys/10.1007@978-981-13-7082-334.pdf,0185590a78cacf953935d937db098bc3eb285b4c13d8c3a3edbb735c9e8e271b,255814,Homomorphic/Theory/Περασμένα σε LaTeX/Surveys/10.1007@978-981-13-7082-334.pdf,1
.local-reference-library/homomorphic-research/Περασμένα σε LaTeX/Surveys/1305.5886.pdf,ca842c9835cc34c5ec92096624a650c8afde825e1003a68a547f05e81cedd1b4,333658,Homomorphic/Theory/Περασμένα σε LaTeX/Surveys/1305.5886.pdf,1
.local-reference-library/homomorphic-research/Περασμένα σε LaTeX/Surveys/44ba9ec9-d8bc-41e8-b6be-de4b05055dc5.pdf,735cf075df174fa8a88e1959d2f1ecb53b4f59c4357b996b310906d804c5d0de,1262983,Homomorphic/Theory/Περασμένα σε LaTeX/Surveys/44ba9ec9-d8bc-41e8-b6be-de4b05055dc5.pdf,1
.local-reference-library/homomorphic-research/Περασμένα σε LaTeX/Surveys/CAnsu bozkurt thesis.pdf,b273a3ccba5c6f58638d4eef8ee1dac56ce6fb075a109a1052a31d13c72648b7,1057731,Homomorphic/Theory/Περασμένα σε LaTeX/Surveys/CAnsu bozkurt thesis.pdf,1
.local-reference-library/homomorphic-research/Περασμένα σε LaTeX/Surveys/d6a2a53f0d001610.pdf,709d986f7303f882d67b11b12d479f0ce92256752d60b83e59495ff0b079cd17,1019380,Homomorphic/Theory/Περασμένα σε LaTeX/Surveys/d6a2a53f0d001610.pdf,1
.local-reference-library/homomorphic-research/Περασμένα σε LaTeX/Surveys/Fawaz_2021_J._Phys. _Conf._Ser._2128_012021.pdf,df387697d05e883b12142afd1271f748e2f7fdc2863f3a8d28e8e1571303b1ae,1333743,Homomorphic/Theory/Περασμένα σε LaTeX/Surveys/Fawaz_2021_J._Phys. _Conf._Ser._2128_012021.pdf,1
.local-reference-library/homomorphic-research/Περασμένα σε LaTeX/Surveys/FHEBenchmarking.pdf,5a244960f4f1f6412298a6bc053ba4bda7725a6db9871171340a084baaf60f5a,1284760,Homomorphic/Theory/Περασμένα σε LaTeX/Surveys/FHEBenchmarking.pdf,1
.local-reference-library/homomorphic-research/Περασμένα σε LaTeX/Surveys/Fully_Homomorphic_Encryption_State_of_Ar.pdf,6c02e98ffcb2be43c6e57413761ae31d768eba588362907160d134ebf7665782,1146586,Homomorphic/Theory/Περασμένα σε LaTeX/Surveys/Fully_Homomorphic_Encryption_State_of_Ar.pdf,1
.local-reference-library/homomorphic-research/Περασμένα σε LaTeX/Surveys/main.pdf,0f2ed3fae91e61107a1d8872b00a8dc7e473cf7f9d810f3769ae70b5312b1723,808055,Homomorphic/Theory/Περασμένα σε LaTeX/Surveys/main.pdf,1
.local-reference-library/homomorphic-research/Περασμένα σε LaTeX/Surveys/Minelli-2018-These.pdf,bbb46075a0d914be999a74746ec280d268d2fe1c372aff79586426707c353248,3562656,Homomorphic/Theory/Περασμένα σε LaTeX/Surveys/Minelli-2018-These.pdf,1
.local-reference-library/homomorphic-research/Περασμένα σε LaTeX/Surveys/s12083-021-01076-8.pdf,2219e7710528de815165b9977b07559842d52315f2b8e5153eedeab77e0cc82f,1167166,Homomorphic/Theory/Περασμένα σε LaTeX/Surveys/s12083-021-01076-8.pdf,1
.local-reference-library/homomorphic-research/Περασμένα σε LaTeX/Surveys/Survey_v16_r_comments.pdf,199b58ec05a48275d64006415c44b2fa166879aa84aaa65abd371addd50020fd,880647,Homomorphic/Theory/Περασμένα σε LaTeX/Surveys/Survey_v16_r_comments.pdf,1
.local-reference-library/homomorphic-research/Περασμένα σε LaTeX/Surveys/Towards Fair and Privacy-Preserving Federated.pdf,f39249b2dddf83d9c5ec23f4c95446cd527b594f9e27f1fec0a667341219c944,6162294,Homomorphic/Theory/Περασμένα σε LaTeX/Surveys/Towards Fair and Privacy-Preserving Federated.pdf,1
.local-reference-library/homomorphic-research/Περασμένα σε LaTeX/Surveys/TRUSTEE_HomomorphicEncryptionOperations.docx,da2a97c9ca15cd4ea65db4e3495650cf9c459fccbe185637cefae7a79b71236a,119142,Homomorphic/Theory/Περασμένα σε LaTeX/Surveys/TRUSTEE_HomomorphicEncryptionOperations.docx,1
.local-reference-library/homomorphic-research/Περασμένα σε LaTeX/TCHES2022_4_24.pdf,b06f03f8e5e12dbcb85f570cf8bf5960ad7de74e92d67c28e3383d9447d98ffc,915206,Homomorphic/Theory/Περασμένα σε LaTeX/TCHES2022_4_24.pdf,1
.local-reference-library/homomorphic-research/Περασμένα σε LaTeX/The (r)Evolution of FHE.pdf,eb8765927d575e4323fb7bee2d6edfae08bd0ce36d827ec1398daf1eca908d4c,897348,Homomorphic/Theory/Περασμένα σε LaTeX/The (r)Evolution of FHE.pdf,1
